name,url,brand,platform,image,title_raw,scraped_at,release_month,release_year,display_raw,chipset_raw,battery_raw,storage_raw,ram_raw
Galaxy F70e,https://www.gsmarena.com/samsung_galaxy_f70e_5g-14459.php,Samsung,GSMArena,https://fdn2.gsmarena.com/vv/bigpic/samsung-galaxy-f70e.jpg,"Samsung Galaxy F70e 5G Android smartphone. Announced Feb 2026. Features 6.7″  display, Dimensity 6300 chipset, 6000 mAh battery, 128 GB storage, 6 GB RAM.",2026-02-18T17:46:18.673885+00:00,Feb,2026,6.7,Dimensity 6300,6000,128,6
Galaxy A07,https://www.gsmarena.com/samsung_galaxy_a07_5g-14409.php,Samsung,GSMArena,https://fdn2.gsmarena.com/vv/bigpic/samsung-galaxy-a07-5g.jpg,"Samsung Galaxy A07 5G Android smartphone. Announced Jan 2026. Features 6.7″  display, Dimensity 6300 chipset, 6000 mAh battery, 128 GB storage, 6 GB RAM.",2026-02-18T17:46:18.673932+00:00,Jan,2026,6.7,Dimensity 6300,6000,128,6
Galaxy Z TriFold,https://www.gsmarena.com/samsung_galaxy_z_trifold_5g-14292.php,Samsung,GSMArena,https://fdn2.gsmarena.com/vv/bigpic/samsung-galaxy-z-trifold-.jpg,"Samsung Galaxy Z TriFold 5G Android smartphone. Announced Dec 2025. Features 10.0″  display, Snapdragon 8 Elite chipset, 5600 mAh battery, 1024 GB storage, 16 GB RAM.",2026-02-18T17:46:18.673967+00:00,Dec,2025,10.0,Snapdragon 8 Elite,5600,1024,16
Galaxy M17,https://www.gsmarena.com/samsung_galaxy_m17_5g-14221.php,Samsung,GSMArena,https://fdn2.gsmarena.com/vv/bigpic/samsung-galaxy-a17.jpg,"Samsung Galaxy M17 5G Android smartphone. Announced Oct 2025. Features 6.7″  display, Exynos 1330 chipset, 5000 mAh battery, 128 GB storage, 8 GB RAM, Corning Gorilla Glass Victus.",2026-02-18T17:46:18.674002+00:00,Oct,2025,6.7,Exynos 1330,5000,128,8
Galaxy F07,https://www.gsmarena.com/samsung_galaxy_f07-14205.php,Samsung,GSMArena,https://fdn2.gsmarena.com/vv/bigpic/samsung-galaxy-f07.jpg,"Samsung Galaxy F07 Android smartphone. Announced Oct 2025. Features 6.7″  display, Helio G99 chipset, 5000 mAh battery, 64 GB storage, 4 GB RAM.",2026-02-18T17:46:18.674035+00:00,Oct,2025,6.7,Helio G99,5000,64,4
Galaxy M07,https://www.gsmarena.com/samsung_galaxy_m07-14100.php,Samsung,GSMArena,https://fdn2.gsmarena.com/vv/bigpic/samsung-galaxy-m07.jpg,"Samsung Galaxy M07 Android smartphone. Announced Oct 2025. Features 6.7″  display, Helio G99 chipset, 5000 mAh battery, 64 GB storage, 4 GB RAM.",2026-02-18T17:46:18.674067+00:00,Oct,2025,6.7,Helio G99,5000,64,4
Galaxy A17 4G,https://www.gsmarena.com/samsung_galaxy_a17-14157.php,Samsung,GSMArena,https://fdn2.gsmarena.com/vv/bigpic/samsung-galaxy-a17.jpg,"Samsung Galaxy A17 Android smartphone. Announced Sep 2025. Features 6.7″  display, Helio G99 chipset, 5000 mAh battery, 256 GB storage, 8 GB RAM, Corning Gorilla Glass Victus+.",2026-02-18T17:46:18.674100+00:00,Sep,2025,6.7,Helio G99,5000,256,8
Galaxy F17,https://www.gsmarena.com/samsung_galaxy_f17_5g-14107.php,Samsung,GSMArena,https://fdn2.gsmarena.com/vv/bigpic/samsung-galaxy-f17-5g-.jpg,"Samsung Galaxy F17 5G Android smartphone. Announced Sep 2025. Features 6.7″  display, Exynos 1330 chipset, 5000 mAh battery, 128 GB storage, 8 GB RAM, Corning Gorilla Glass Victus.",2026-02-18T17:46:18.674198+00:00,Sep,2025,6.7,Exynos 1330,5000,128,8
Galaxy S25 FE,https://www.gsmarena.com/samsung_galaxy_s25_fe_5g-14042.php,Samsung,GSMArena,https://fdn2.gsmarena.com/vv/bigpic/samsung-galaxy-s25-fe.jpg,"Samsung Galaxy S25 FE 5G Android smartphone. Announced Sep 2025. Features 6.7″  display, Exynos 2400 chipset, 4900 mAh battery, 512 GB storage, 8 GB RAM, Corning Gorilla Glass Victus+.",2026-02-18T17:46:18.674229+00:00,Sep,2025,6.7,Exynos 2400,4900,512,8
Galaxy A07 4G,https://www.gsmarena.com/samsung_galaxy_a07-14066.php,Samsung,GSMArena,https://fdn2.gsmarena.com/vv/bigpic/samsung-galaxy-a07.jpg,"Samsung Galaxy A07 Android smartphone. Announced Aug 2025. Features 6.7″  display, Helio G99 chipset, 5000 mAh battery, 256 GB storage, 8 GB RAM.",2026-02-18T17:46:18.674357+00:00,Aug,2025,6.7,Helio G99,5000,256,8
Galaxy A17,https://www.gsmarena.com/samsung_galaxy_a17_5g-14041.php,Samsung,GSMArena,https://fdn2.gsmarena.com/vv/bigpic/samsung-galaxy-a17-5g.jpg,"Samsung Galaxy A17 5G Android smartphone. Announced Aug 2025. Features 6.7″  display, Exynos 1330 chipset, 5000 mAh battery, 256 GB storage, 8 GB RAM, Corning Gorilla Glass Victus.",2026-02-18T17:46:18.674389+00:00,Aug,2025,6.7,Exynos 1330,5000,256,8
Galaxy F36,https://www.gsmarena.com/samsung_galaxy_f36_5g-14009.php,Samsung,GSMArena,https://fdn2.gsmarena.com/vv/bigpic/samsung-galaxy-f36.jpg,"Samsung Galaxy F36 5G Android smartphone. Announced Jul 2025. Features 6.7″  display, Exynos 1380 chipset, 5000 mAh battery, 256 GB storage, 8 GB RAM, Corning Gorilla Glass Victus+.",2026-02-18T17:46:18.674420+00:00,Jul,2025,6.7,Exynos 1380,5000,256,8
Galaxy Z Fold7,https://www.gsmarena.com/samsung_galaxy_z_fold7-13826.php,Samsung,GSMArena,https://fdn2.gsmarena.com/vv/bigpic/samsung-galaxy-z-fold7.jpg,"Samsung Galaxy Z Fold7 Android smartphone. Announced Jul 2025. Features 8.0″  display, Snapdragon 8 Elite chipset, 4400 mAh battery, 1024 GB storage, 16 GB RAM.",2026-02-18T17:46:18.674451+00:00,Jul,2025,8.0,Snapdragon 8 Elite,4400,1024,16
Galaxy Z Flip7,https://www.gsmarena.com/samsung_galaxy_z_flip7-13712.php,Samsung,GSMArena,https://fdn2.gsmarena.com/vv/bigpic/samsung-galaxy-z-flip7.jpg,"Samsung Galaxy Z Flip7 Android smartphone. Announced Jul 2025. Features 6.9″  display, Exynos 2500 chipset, 4300 mAh battery, 512 GB storage, 12 GB RAM.",2026-02-18T17:46:18.674485+00:00,Jul,2025,6.9,Exynos 2500,4300,512,12
Galaxy Z Flip7 FE,https://www.gsmarena.com/samsung_galaxy_z_flip7_fe_5g-13844.php,Samsung,GSMArena,https://fdn2.gsmarena.com/vv/bigpic/samsung-galaxy-z-flip7-fe-.jpg,"Samsung Galaxy Z Flip7 FE 5G Android smartphone. Announced Jul 2025. Features 6.7″  display, Exynos 2400 chipset, 4000 mAh battery, 256 GB storage, 8 GB RAM.",2026-02-18T17:46:18.674518+00:00,Jul,2025,6.7,Exynos 2400,4000,256,8
Galaxy M36,https://www.gsmarena.com/samsung_galaxy_m36_5g-13967.php,Samsung,GSMArena,https://fdn2.gsmarena.com/vv/bigpic/samsung-galaxy-m36.jpg,"Samsung Galaxy M36 5G Android smartphone. Announced Jun 2025. Features 6.7″  display, Exynos 1380 chipset, 5000 mAh battery, 256 GB storage, 8 GB RAM, Corning Gorilla Glass Victus+.",2026-02-18T17:46:18.674611+00:00,Jun,2025,6.7,Exynos 1380,5000,256,8
Galaxy S25 Edge,https://www.gsmarena.com/samsung_galaxy_s25_edge-13506.php,Samsung,GSMArena,https://fdn2.gsmarena.com/vv/bigpic/samsung-galaxy-s25-edge.jpg,"Samsung Galaxy S25 Edge Android smartphone. Announced May 2025. Features 6.7″  display, Snapdragon 8 Elite chipset, 3900 mAh battery, 512 GB storage, 12 GB RAM, Corning Gorilla Glass Ceramic 2.",2026-02-18T17:46:18.674642+00:00,May,2025,6.7,Snapdragon 8 Elite,3900,512,12
Galaxy F56,https://www.gsmarena.com/samsung_galaxy_f56_5g-13855.php,Samsung,GSMArena,https://fdn2.gsmarena.com/vv/bigpic/samsung-galaxy-f56-5g.jpg,"Samsung Galaxy F56 5G Android smartphone. Announced May 2025. Features 6.74″  display, Exynos 1480 chipset, 5000 mAh battery, 256 GB storage, 8 GB RAM, Corning Gorilla Glass Victus+.",2026-02-18T17:46:18.674672+00:00,May,2025,6.74,Exynos 1480,5000,256,8
Galaxy M56,https://www.gsmarena.com/samsung_galaxy_m56_5g-13801.php,Samsung,GSMArena,https://fdn2.gsmarena.com/vv/bigpic/samsung-galaxy-m56-5g.jpg,"Samsung Galaxy M56 5G Android smartphone. Announced Apr 2025. Features 6.74″  display, Exynos 1480 chipset, 5000 mAh battery, 256 GB storage, 8 GB RAM, Corning Gorilla Glass Victus+.",2026-02-18T17:46:18.674703+00:00,Apr,2025,6.74,Exynos 1480,5000,256,8
Galaxy F16,https://www.gsmarena.com/samsung_galaxy_f16-13721.php,Samsung,GSMArena,https://fdn2.gsmarena.com/vv/bigpic/samsung-galaxy-f16-5g.jpg,"Samsung Galaxy F16 Android smartphone. Announced Mar 2025. Features 6.7″  display, Dimensity 6300 chipset, 5000 mAh battery, 128 GB storage, 8 GB RAM.",2026-02-18T17:46:18.674861+00:00,Mar,2025,6.7,Dimensity 6300,5000,128,8
Galaxy A56,https://www.gsmarena.com/samsung_galaxy_a56-13603.php,Samsung,GSMArena,https://fdn2.gsmarena.com/vv/bigpic/samsung-galaxy-a56-.jpg,"Samsung Galaxy A56 Android smartphone. Announced Mar 2025. Features 6.7″  display, Exynos 1580 chipset, 5000 mAh battery, 256 GB storage, 12 GB RAM, Corning Gorilla Glass Victus+.",2026-02-18T17:46:18.674893+00:00,Mar,2025,6.7,Exynos 1580,5000,256,12
Galaxy A36,https://www.gsmarena.com/samsung_galaxy_a36-13497.php,Samsung,GSMArena,https://fdn2.gsmarena.com/vv/bigpic/samsung-galaxy-a36.jpg,"Samsung Galaxy A36 Android smartphone. Announced Mar 2025. Features 6.7″  display, Snapdragon 6 Gen 3 chipset, 5000 mAh battery, 256 GB storage, 12 GB RAM, Corning Gorilla Glass Victus+.",2026-02-18T17:46:18.674924+00:00,Mar,2025,6.7,Snapdragon 6 Gen 3,5000,256,12
Galaxy A26,https://www.gsmarena.com/samsung_galaxy_a26-13679.php,Samsung,GSMArena,https://fdn2.gsmarena.com/vv/bigpic/samsung-galaxy-a26.jpg,"Samsung Galaxy A26 Android smartphone. Announced Mar 2025. Features 6.7″  display, Exynos 1380 chipset, 5000 mAh battery, 256 GB storage, 8 GB RAM, Corning Gorilla Glass Victus+.",2026-02-18T17:46:18.674957+00:00,Mar,2025,6.7,Exynos 1380,5000,256,8
Galaxy M16,https://www.gsmarena.com/samsung_galaxy_m16-13680.php,Samsung,GSMArena,https://fdn2.gsmarena.com/vv/bigpic/samsung-galaxy-m16-5g-.jpg,"Samsung Galaxy M16 Android smartphone. Announced Feb 2025. Features 6.7″  display, Dimensity 6300 chipset, 5000 mAh battery, 256 GB storage, 8 GB RAM.",2026-02-18T17:46:18.674987+00:00,Feb,2025,6.7,Dimensity 6300,5000,256,8
Galaxy M06,https://www.gsmarena.com/samsung_galaxy_m06-13681.php,Samsung,GSMArena,https://fdn2.gsmarena.com/vv/bigpic/samsung-galaxy-m06-5g.jpg,"Samsung Galaxy M06 Android smartphone. Announced Feb 2025. Features 6.74″  display, Dimensity 6300 chipset, 5000 mAh battery, 128 GB storage, 6 GB RAM.",2026-02-18T17:46:18.675018+00:00,Feb,2025,6.74,Dimensity 6300,5000,128,6
Galaxy A06 5G,https://www.gsmarena.com/samsung_galaxy_a06_5g-13662.php,Samsung,GSMArena,https://fdn2.gsmarena.com/vv/bigpic/samsung-galaxy-a06-5g.jpg,"Samsung Galaxy A06 5G Android smartphone. Announced Feb 2025. Features 6.7″  display, Dimensity 6300 chipset, 5000 mAh battery, 128 GB storage, 6 GB RAM.",2026-02-18T17:46:18.675048+00:00,Feb,2025,6.7,Dimensity 6300,5000,128,6
Galaxy F06 5G,https://www.gsmarena.com/samsung_galaxy_f06_5g-13663.php,Samsung,GSMArena,https://fdn2.gsmarena.com/vv/bigpic/samsung-galaxy-f06-5g.jpg,"Samsung Galaxy F06 5G Android smartphone. Announced Feb 2025. Features 6.7″  display, Dimensity 6300 chipset, 5000 mAh battery, 128 GB storage, 6 GB RAM.",2026-02-18T17:46:18.675079+00:00,Feb,2025,6.7,Dimensity 6300,5000,128,6
Galaxy S25 Ultra,https://www.gsmarena.com/samsung_galaxy_s25_ultra-13322.php,Samsung,GSMArena,https://fdn2.gsmarena.com/vv/bigpic/samsung-galaxy-s25-ultra-sm-s938.jpg,"Samsung Galaxy S25 Ultra Android smartphone. Announced Jan 2025. Features 6.9″  display, Snapdragon 8 Elite chipset, 5000 mAh battery, 1024 GB storage, 16 GB RAM, Corning Gorilla Armor 2.",2026-02-18T17:46:18.675109+00:00,Jan,2025,6.9,Snapdragon 8 Elite,5000,1024,16
Galaxy S25+,https://www.gsmarena.com/samsung_galaxy_s25+-13609.php,Samsung,GSMArena,https://fdn2.gsmarena.com/vv/bigpic/samsung-galaxy-s25-plus-sm-s936.jpg,"Samsung Galaxy S25+ Android smartphone. Announced Jan 2025. Features 6.7″  display, Snapdragon 8 Elite chipset, 4900 mAh battery, 512 GB storage, 12 GB RAM, Corning Gorilla Glass Victus 2.",2026-02-18T17:46:18.675141+00:00,Jan,2025,6.7,Snapdragon 8 Elite,4900,512,12
Galaxy S25,https://www.gsmarena.com/samsung_galaxy_s25-13610.php,Samsung,GSMArena,https://fdn2.gsmarena.com/vv/bigpic/samsung-galaxy-s25-sm-s931.jpg,"Samsung Galaxy S25 Android smartphone. Announced Jan 2025. Features 6.2″  display, Snapdragon 8 Elite chipset, 4000 mAh battery, 512 GB storage, 12 GB RAM, Corning Gorilla Glass Victus 2.",2026-02-18T17:46:18.675172+00:00,Jan,2025,6.2,Snapdragon 8 Elite,4000,512,12
Galaxy Z Fold Special,https://www.gsmarena.com/samsung_galaxy_z_fold_special-13452.php,Samsung,GSMArena,https://fdn2.gsmarena.com/vv/bigpic/samsung-galaxy-z-fold-special-edition.jpg,"Samsung Galaxy Z Fold Special Android smartphone. Announced Oct 2024. Features 8.0″  display, Snapdragon 8 Gen 3 chipset, 4400 mAh battery, 512 GB storage, 16 GB RAM.",2026-02-18T17:46:18.675202+00:00,Oct,2024,8.0,Snapdragon 8 Gen 3,4400,512,16
Galaxy A16,https://www.gsmarena.com/samsung_galaxy_a16-13383.php,Samsung,GSMArena,https://fdn2.gsmarena.com/vv/bigpic/samsung-galaxy-a16-lte.jpg,"Samsung Galaxy A16 Android smartphone. Announced Oct 2024. Features 6.7″  display, Helio G99 chipset, 5000 mAh battery, 256 GB storage, 8 GB RAM.",2026-02-18T17:46:18.675233+00:00,Oct,2024,6.7,Helio G99,5000,256,8
Galaxy A16 5G,https://www.gsmarena.com/samsung_galaxy_a16_5g-13346.php,Samsung,GSMArena,https://fdn2.gsmarena.com/vv/bigpic/samsung-galaxy-a16-5g.jpg,"Samsung Galaxy A16 5G Android smartphone. Announced Oct 2024. Features 6.7″  display, Exynos 1330 or Dimensity 6300 chipset, 5000 mAh battery, 256 GB storage, 8 GB RAM.",2026-02-18T17:46:18.675264+00:00,Oct,2024,6.7,Exynos 1330 Or Dimensity 6300,5000,256,8
Galaxy S24 FE,https://www.gsmarena.com/samsung_galaxy_s24_fe-13262.php,Samsung,GSMArena,https://fdn2.gsmarena.com/vv/bigpic/samsung-galaxy-s24-fe-r1.jpg,"Samsung Galaxy S24 FE Android smartphone. Announced Sep 2024. Features 6.7″  display, Exynos 2400e chipset, 4700 mAh battery, 512 GB storage, 8 GB RAM, Corning Gorilla Glass Victus+.",2026-02-18T17:46:18.675298+00:00,Sep,2024,6.7,Exynos 2400E,4700,512,8
Galaxy M55s,https://www.gsmarena.com/samsung_galaxy_m55s-13354.php,Samsung,GSMArena,https://fdn2.gsmarena.com/vv/bigpic/samsung-galaxy-m55s.jpg,"Samsung Galaxy M55s Android smartphone. Announced Sep 2024. Features 6.7″  display, Snapdragon 7 Gen 1 chipset, 5000 mAh battery, 256 GB storage, 8 GB RAM.",2026-02-18T17:46:18.675390+00:00,Sep,2024,6.7,Snapdragon 7 Gen 1,5000,256,8
Galaxy F05,https://www.gsmarena.com/samsung_galaxy_f05-13345.php,Samsung,GSMArena,https://fdn2.gsmarena.com/vv/bigpic/samsung-galaxy-f05.jpg,"Samsung Galaxy F05 Android smartphone. Announced Sep 2024. Features 6.7″  display, Helio G85 chipset, 5000 mAh battery, 64 GB storage, 4 GB RAM.",2026-02-18T17:46:18.675421+00:00,Sep,2024,6.7,Helio G85,5000,64,4
Galaxy M05,https://www.gsmarena.com/samsung_galaxy_m05-13327.php,Samsung,GSMArena,https://fdn2.gsmarena.com/vv/bigpic/samsung-galaxy-m05.jpg,"Samsung Galaxy M05 Android smartphone. Announced Sep 2024. Features 6.7″  display, Helio G85 chipset, 5000 mAh battery, 64 GB storage, 4 GB RAM.",2026-02-18T17:46:18.675451+00:00,Sep,2024,6.7,Helio G85,5000,64,4
Galaxy A06,https://www.gsmarena.com/samsung_galaxy_a06-13265.php,Samsung,GSMArena,https://fdn2.gsmarena.com/vv/bigpic/samsung-galaxy-a06-1.jpg,"Samsung Galaxy A06 Android smartphone. Announced Aug 2024. Features 6.7″  display, Helio G85 chipset, 5000 mAh battery, 128 GB storage, 6 GB RAM.",2026-02-18T17:46:23.216677+00:00,Aug,2024,6.7,Helio G85,5000,128,6
Galaxy F14 4G,https://www.gsmarena.com/samsung_galaxy_f14_4g-13247.php,Samsung,GSMArena,https://fdn2.gsmarena.com/vv/bigpic/samsung-galaxy-f14-4g.jpg,"Samsung Galaxy F14 4G Android smartphone. Announced Aug 2024. Features 6.7″  display, Snapdragon 680 4G chipset, 5000 mAh battery, 64 GB storage, 4 GB RAM.",2026-02-18T17:46:23.216720+00:00,Aug,2024,6.7,Snapdragon 680 4G,5000,64,4
Galaxy Z Fold6,https://www.gsmarena.com/samsung_galaxy_z_fold6-13147.php,Samsung,GSMArena,https://fdn2.gsmarena.com/vv/bigpic/samsung-galaxy-z-fold6.jpg,"Samsung Galaxy Z Fold6 Android smartphone. Announced Jul 2024. Features 7.6″  display, Snapdragon 8 Gen 3 chipset, 4400 mAh battery, 1024 GB storage, 12 GB RAM.",2026-02-18T17:46:23.216753+00:00,Jul,2024,7.6,Snapdragon 8 Gen 3,4400,1024,12
Galaxy Z Flip6,https://www.gsmarena.com/samsung_galaxy_z_flip6-13192.php,Samsung,GSMArena,https://fdn2.gsmarena.com/vv/bigpic/samsung-galaxy-z-flip6.jpg,"Samsung Galaxy Z Flip6 Android smartphone. Announced Jul 2024. Features 6.7″  display, Snapdragon 8 Gen 3 chipset, 4000 mAh battery, 512 GB storage, 12 GB RAM.",2026-02-18T17:46:23.216785+00:00,Jul,2024,6.7,Snapdragon 8 Gen 3,4000,512,12
Galaxy M35,https://www.gsmarena.com/samsung_galaxy_m35-13006.php,Samsung,GSMArena,https://fdn2.gsmarena.com/vv/bigpic/samsung-galaxy-m35-.jpg,"Samsung Galaxy M35 Android smartphone. Announced May 2024. Features 6.6″  display, Exynos 1380 chipset, 6000 mAh battery, 256 GB storage, 8 GB RAM, Corning Gorilla Glass Victus+.",2026-02-18T17:46:23.216913+00:00,May,2024,6.6,Exynos 1380,6000,256,8
Galaxy F55,https://www.gsmarena.com/samsung_galaxy_f55-12885.php,Samsung,GSMArena,https://fdn2.gsmarena.com/vv/bigpic/samsung-galaxy-f55.jpg,"Samsung Galaxy F55 Android smartphone. Announced May 2024. Features 6.7″  display, Snapdragon 7 Gen 1 chipset, 5000 mAh battery, 256 GB storage, 12 GB RAM.",2026-02-18T17:46:23.216944+00:00,May,2024,6.7,Snapdragon 7 Gen 1,5000,256,12
Galaxy C55,https://www.gsmarena.com/samsung_galaxy_c55-12945.php,Samsung,GSMArena,https://fdn2.gsmarena.com/vv/bigpic/samsung-galaxy-c55.jpg,"Samsung Galaxy C55 Android smartphone. Announced Apr 2024. Features 6.7″  display, Snapdragon 7 Gen 1 chipset, 5000 mAh battery, 256 GB storage, 12 GB RAM.",2026-02-18T17:46:23.216976+00:00,Apr,2024,6.7,Snapdragon 7 Gen 1,5000,256,12
Galaxy M55,https://www.gsmarena.com/samsung_galaxy_m55-12896.php,Samsung,GSMArena,https://fdn2.gsmarena.com/vv/bigpic/samsung-galaxy-m55.jpg,"Samsung Galaxy M55 Android smartphone. Announced Mar 2024. Features 6.7″  display, Snapdragon 7 Gen 1 chipset, 5000 mAh battery, 256 GB storage, 12 GB RAM.",2026-02-18T17:46:23.217007+00:00,Mar,2024,6.7,Snapdragon 7 Gen 1,5000,256,12
Galaxy A55,https://www.gsmarena.com/samsung_galaxy_a55-12824.php,Samsung,GSMArena,https://fdn2.gsmarena.com/vv/bigpic/samsung-galaxy-a55.jpg,"Samsung Galaxy A55 Android smartphone. Announced Mar 2024. Features 6.6″  display, Exynos 1480 chipset, 5000 mAh battery, 256 GB storage, 12 GB RAM, Corning Gorilla Glass Victus+.",2026-02-18T17:46:23.217073+00:00,Mar,2024,6.6,Exynos 1480,5000,256,12
Galaxy A35,https://www.gsmarena.com/samsung_galaxy_a35-12705.php,Samsung,GSMArena,https://fdn2.gsmarena.com/vv/bigpic/samsung-galaxy-a35.jpg,"Samsung Galaxy A35 Android smartphone. Announced Mar 2024. Features 6.6″  display, Exynos 1380 chipset, 5000 mAh battery, 256 GB storage, 12 GB RAM, Corning Gorilla Glass Victus+.",2026-02-18T17:46:23.217106+00:00,Mar,2024,6.6,Exynos 1380,5000,256,12
Galaxy M15,https://www.gsmarena.com/samsung_galaxy_m15-12833.php,Samsung,GSMArena,https://fdn2.gsmarena.com/vv/bigpic/samsung-galaxy-m15.jpg,"Samsung Galaxy M15 Android smartphone. Announced Mar 2024. Features 6.5″  display, Dimensity 6100+ chipset, 6000 mAh battery, 256 GB storage, 8 GB RAM.",2026-02-18T17:46:23.217139+00:00,Mar,2024,6.5,Dimensity 6100+,6000,256,8
Galaxy M14 4G,https://www.gsmarena.com/samsung_galaxy_m14_4g-12862.php,Samsung,GSMArena,https://fdn2.gsmarena.com/vv/bigpic/samsung-galaxy-m14-4g.jpg,"Samsung Galaxy M14 4G Android smartphone. Announced Mar 2024. Features 6.7″  display, Snapdragon 680 4G chipset, 5000 mAh battery, 128 GB storage, 6 GB RAM.",2026-02-18T17:46:23.217174+00:00,Mar,2024,6.7,Snapdragon 680 4G,5000,128,6
Galaxy F15,https://www.gsmarena.com/samsung_galaxy_f15-12831.php,Samsung,GSMArena,https://fdn2.gsmarena.com/vv/bigpic/samsung-galaxy-f15-5g.jpg,"Samsung Galaxy F15 Android smartphone. Announced Mar 2024. Features 6.6″  display, Dimensity 6100+ chipset, 6000 mAh battery, 128 GB storage, 8 GB RAM.",2026-02-18T17:46:23.217206+00:00,Mar,2024,6.6,Dimensity 6100+,6000,128,8
Galaxy S24 Ultra,https://www.gsmarena.com/samsung_galaxy_s24_ultra-12771.php,Samsung,GSMArena,https://fdn2.gsmarena.com/vv/bigpic/samsung-galaxy-s24-ultra-5g-sm-s928-stylus.jpg,"Samsung Galaxy S24 Ultra Android smartphone. Announced Jan 2024. Features 6.8″  display, Snapdragon 8 Gen 3 chipset, 5000 mAh battery, 1024 GB storage, 12 GB RAM, Corning Gorilla Armor.",2026-02-18T17:46:23.217241+00:00,Jan,2024,6.8,Snapdragon 8 Gen 3,5000,1024,12
Galaxy S24+,https://www.gsmarena.com/samsung_galaxy_s24+-12772.php,Samsung,GSMArena,https://fdn2.gsmarena.com/vv/bigpic/samsung-galaxy-s24-plus-5g-sm-s926.jpg,"Samsung Galaxy S24+ Android smartphone. Announced Jan 2024. Features 6.7″  display, Snapdragon 8 Gen 3 chipset, 4900 mAh battery, 512 GB storage, 12 GB RAM, Corning Gorilla Glass Victus 2.",2026-02-18T17:46:23.217272+00:00,Jan,2024,6.7,Snapdragon 8 Gen 3,4900,512,12
Galaxy S24,https://www.gsmarena.com/samsung_galaxy_s24-12773.php,Samsung,GSMArena,https://fdn2.gsmarena.com/vv/bigpic/samsung-galaxy-s24-5g-sm-s921.jpg,"Samsung Galaxy S24 Android smartphone. Announced Jan 2024. Features 6.2″  display, Snapdragon 8 Gen 3 chipset, 4000 mAh battery, 512 GB storage, 12 GB RAM, Corning Gorilla Glass Victus 2.",2026-02-18T17:46:23.217303+00:00,Jan,2024,6.2,Snapdragon 8 Gen 3,4000,512,12
Galaxy A25,https://www.gsmarena.com/samsung_galaxy_a25-12555.php,Samsung,GSMArena,https://fdn2.gsmarena.com/vv/bigpic/samsung-galaxy-a25.jpg,"Samsung Galaxy A25 Android smartphone. Announced Dec 2023. Features 6.5″  display, Exynos 1280 chipset, 5000 mAh battery, 256 GB storage, 8 GB RAM.",2026-02-18T17:46:23.217396+00:00,Dec,2023,6.5,Exynos 1280,5000,256,8
Galaxy A15 5G,https://www.gsmarena.com/samsung_galaxy_a15_5g-12638.php,Samsung,GSMArena,https://fdn2.gsmarena.com/vv/bigpic/samsung-galaxy-a15-5g-new.jpg,"Samsung Galaxy A15 5G Android smartphone. Announced Dec 2023. Features 6.5″  display, Dimensity 6100+ chipset, 5000 mAh battery, 256 GB storage, 8 GB RAM.",2026-02-18T17:46:23.217427+00:00,Dec,2023,6.5,Dimensity 6100+,5000,256,8
Galaxy A15,https://www.gsmarena.com/samsung_galaxy_a15-12637.php,Samsung,GSMArena,https://fdn2.gsmarena.com/vv/bigpic/samsung-galaxy-a15-lte-.jpg,"Samsung Galaxy A15 Android smartphone. Announced Dec 2023. Features 6.5″  display, Helio G99 chipset, 5000 mAh battery, 256 GB storage, 8 GB RAM.",2026-02-18T17:46:23.217458+00:00,Dec,2023,6.5,Helio G99,5000,256,8
Galaxy S23 FE,https://www.gsmarena.com/samsung_galaxy_s23_fe-12520.php,Samsung,GSMArena,https://fdn2.gsmarena.com/vv/bigpic/samsung-galaxy-s23-fe.jpg,"Samsung Galaxy S23 FE Android smartphone. Announced Oct 2023. Features 6.4″  display, Exynos 2200 chipset, 4500 mAh battery, 256 GB storage, 8 GB RAM, Corning Gorilla Glass 5.",2026-02-18T17:46:23.217551+00:00,Oct,2023,6.4,Exynos 2200,4500,256,8
Galaxy A05s,https://www.gsmarena.com/samsung_galaxy_a05s-12584.php,Samsung,GSMArena,https://fdn2.gsmarena.com/vv/bigpic/samsung-galaxy-a05s.jpg,"Samsung Galaxy A05s Android smartphone. Announced Sep 2023. Features 6.7″  display, Snapdragon 680 4G chipset, 5000 mAh battery, 128 GB storage, 6 GB RAM.",2026-02-18T17:46:23.217644+00:00,Sep,2023,6.7,Snapdragon 680 4G,5000,128,6
Galaxy A05,https://www.gsmarena.com/samsung_galaxy_a05-12583.php,Samsung,GSMArena,https://fdn2.gsmarena.com/vv/bigpic/samsung-galaxy-a05.jpg,"Samsung Galaxy A05 Android smartphone. Announced Sep 2023. Features 6.7″  display, Helio G85 chipset, 5000 mAh battery, 128 GB storage, 6 GB RAM.",2026-02-18T17:46:23.217676+00:00,Sep,2023,6.7,Helio G85,5000,128,6
Galaxy F34,https://www.gsmarena.com/samsung_galaxy_f34-12453.php,Samsung,GSMArena,https://fdn2.gsmarena.com/vv/bigpic/samsung-galaxy-f34.jpg,"Samsung Galaxy F34 Android smartphone. Announced Aug 2023. Features 6.5″  display, Exynos 1280 chipset, 6000 mAh battery, 128 GB storage, 8 GB RAM, Corning Gorilla Glass 5.",2026-02-18T17:46:23.217708+00:00,Aug,2023,6.5,Exynos 1280,6000,128,8
Galaxy Z Fold5,https://www.gsmarena.com/samsung_galaxy_z_fold5-12418.php,Samsung,GSMArena,https://fdn2.gsmarena.com/vv/bigpic/samsung-galaxy-z-fold5-5g.jpg,"Samsung Galaxy Z Fold5 Android smartphone. Announced Jul 2023. Features 7.6″  display, Snapdragon 8 Gen 2 chipset, 4400 mAh battery, 1024 GB storage, 12 GB RAM.",2026-02-18T17:46:23.217740+00:00,Jul,2023,7.6,Snapdragon 8 Gen 2,4400,1024,12
Galaxy Z Flip5,https://www.gsmarena.com/samsung_galaxy_z_flip5-12252.php,Samsung,GSMArena,https://fdn2.gsmarena.com/vv/bigpic/samsung-galaxy-z-flip5-5g.jpg,"Samsung Galaxy Z Flip5 Android smartphone. Announced Jul 2023. Features 6.7″  display, Snapdragon 8 Gen 2 chipset, 3700 mAh battery, 512 GB storage, 8 GB RAM.",2026-02-18T17:46:23.217771+00:00,Jul,2023,6.7,Snapdragon 8 Gen 2,3700,512,8
Galaxy M34 5G,https://www.gsmarena.com/samsung_galaxy_m34_5g-11290.php,Samsung,GSMArena,https://fdn2.gsmarena.com/vv/bigpic/samsung-galaxy-m34-5g.jpg,"Samsung Galaxy M34 5G Android smartphone. Announced Jul 2023. Features 6.5″  display, Exynos 1280 chipset, 6000 mAh battery, 256 GB storage, 8 GB RAM, Corning Gorilla Glass 5.",2026-02-18T17:46:23.217963+00:00,Jul,2023,6.5,Exynos 1280,6000,256,8
Galaxy F54,https://www.gsmarena.com/samsung_galaxy_f54-12239.php,Samsung,GSMArena,https://fdn2.gsmarena.com/vv/bigpic/samsung-galaxy-f54-5g.jpg,"Samsung Galaxy F54 Android smartphone. Announced Jun 2023. Features 6.7″  display, Exynos 1380 chipset, 6000 mAh battery, 256 GB storage, 8 GB RAM.",2026-02-18T17:46:23.217996+00:00,Jun,2023,6.7,Exynos 1380,6000,256,8
Galaxy A24 4G,https://www.gsmarena.com/samsung_galaxy_a24_4g-12176.php,Samsung,GSMArena,https://fdn2.gsmarena.com/vv/bigpic/samsung-galaxy-a24-4g-2.jpg,"Samsung Galaxy A24 4G Android smartphone. Announced Apr 2023. Features 6.5″  display, Helio G99 chipset, 5000 mAh battery, 128 GB storage, 8 GB RAM.",2026-02-18T17:46:23.218026+00:00,Apr,2023,6.5,Helio G99,5000,128,8
Galaxy F14,https://www.gsmarena.com/samsung_galaxy_f14-12175.php,Samsung,GSMArena,https://fdn2.gsmarena.com/vv/bigpic/samsung-galaxy-f14.jpg,"Samsung Galaxy F14 Android smartphone. Announced Mar 2023. Features 6.6″  display, Exynos 1330 chipset, 6000 mAh battery, 128 GB storage, 6 GB RAM, Corning Gorilla Glass 5.",2026-02-18T17:46:23.218058+00:00,Mar,2023,6.6,Exynos 1330,6000,128,6
Galaxy M54,https://www.gsmarena.com/samsung_galaxy_m54-12189.php,Samsung,GSMArena,https://fdn2.gsmarena.com/vv/bigpic/samsung-galaxy-m54-5g.jpg,"Samsung Galaxy M54 Android smartphone. Announced Mar 2023. Features 6.7″  display, Exynos 1380 chipset, 6000 mAh battery, 256 GB storage, 8 GB RAM, Corning Gorilla Glass 5.",2026-02-18T17:46:23.218090+00:00,Mar,2023,6.7,Exynos 1380,6000,256,8
Galaxy A54,https://www.gsmarena.com/samsung_galaxy_a54-12070.php,Samsung,GSMArena,https://fdn2.gsmarena.com/vv/bigpic/samsung-galaxy-a54.jpg,"Samsung Galaxy A54 Android smartphone. Announced Mar 2023. Features 6.4″  display, Exynos 1380 chipset, 5000 mAh battery, 256 GB storage, 8 GB RAM, Corning Gorilla Glass 5.",2026-02-18T17:46:23.218122+00:00,Mar,2023,6.4,Exynos 1380,5000,256,8
Galaxy A34,https://www.gsmarena.com/samsung_galaxy_a34-12074.php,Samsung,GSMArena,https://fdn2.gsmarena.com/vv/bigpic/samsung-galaxy-a34.jpg,"Samsung Galaxy A34 Android smartphone. Announced Mar 2023. Features 6.6″  display, Dimensity 1080 chipset, 5000 mAh battery, 256 GB storage, 8 GB RAM, Corning Gorilla Glass 5.",2026-02-18T17:46:23.218153+00:00,Mar,2023,6.6,Dimensity 1080,5000,256,8
Galaxy M14,https://www.gsmarena.com/samsung_galaxy_m14-12160.php,Samsung,GSMArena,https://fdn2.gsmarena.com/vv/bigpic/samsung-galaxy-m14-5g-sm-m146.jpg,"Samsung Galaxy M14 Android smartphone. Announced Mar 2023. Features 6.6″  display, Exynos 1330 chipset, 6000 mAh battery, 128 GB storage, 6 GB RAM, Corning Gorilla Glass 5.",2026-02-18T17:46:23.218184+00:00,Mar,2023,6.6,Exynos 1330,6000,128,6
Galaxy S23 Ultra,https://www.gsmarena.com/samsung_galaxy_s23_ultra-12024.php,Samsung,GSMArena,https://fdn2.gsmarena.com/vv/bigpic/samsung-galaxy-s23-ultra-5g.jpg,"Samsung Galaxy S23 Ultra Android smartphone. Announced Feb 2023. Features 6.8″  display, Snapdragon 8 Gen 2 chipset, 5000 mAh battery, 1024 GB storage, 12 GB RAM, Corning Gorilla Glass Victus 2.",2026-02-18T17:46:23.218214+00:00,Feb,2023,6.8,Snapdragon 8 Gen 2,5000,1024,12
Galaxy S23+,https://www.gsmarena.com/samsung_galaxy_s23+-12083.php,Samsung,GSMArena,https://fdn2.gsmarena.com/vv/bigpic/samsung-galaxy-s23-plus-5g.jpg,"Samsung Galaxy S23+ Android smartphone. Announced Feb 2023. Features 6.6″  display, Snapdragon 8 Gen 2 chipset, 4700 mAh battery, 512 GB storage, 8 GB RAM, Corning Gorilla Glass Victus 2.",2026-02-18T17:46:23.218245+00:00,Feb,2023,6.6,Snapdragon 8 Gen 2,4700,512,8
Galaxy S23,https://www.gsmarena.com/samsung_galaxy_s23-12082.php,Samsung,GSMArena,https://fdn2.gsmarena.com/vv/bigpic/samsung-galaxy-s23-5g.jpg,"Samsung Galaxy S23 Android smartphone. Announced Feb 2023. Features 6.1″  display, Snapdragon 8 Gen 2 chipset, 3900 mAh battery, 512 GB storage, 8 GB RAM, Corning Gorilla Glass Victus 2.",2026-02-18T17:46:27.161853+00:00,Feb,2023,6.1,Snapdragon 8 Gen 2,3900,512,8
Galaxy A14,https://www.gsmarena.com/samsung_galaxy_a14-12151.php,Samsung,GSMArena,https://fdn2.gsmarena.com/vv/bigpic/samsung-galaxy-a14-4g.jpg,"Samsung Galaxy A14 Android smartphone. Announced Feb 2023. Features 6.6″  display, MT6769 Helio G80 chipset, 5000 mAh battery, 128 GB storage, 8 GB RAM.",2026-02-18T17:46:27.161894+00:00,Feb,2023,6.6,Mt6769 Helio G80,5000,128,8
Galaxy A14 5G,https://www.gsmarena.com/samsung_galaxy_a14_5g-12004.php,Samsung,GSMArena,https://fdn2.gsmarena.com/vv/bigpic/samsung-galaxy-a14-5g.jpg,"Samsung Galaxy A14 5G Android smartphone. Announced Jan 2023. Features 6.6″  display, Exynos 1330 chipset, 5000 mAh battery, 128 GB storage, 8 GB RAM.",2026-02-18T17:46:27.161926+00:00,Jan,2023,6.6,Exynos 1330,5000,128,8
Galaxy F04,https://www.gsmarena.com/samsung_galaxy_f04-12054.php,Samsung,GSMArena,https://fdn2.gsmarena.com/vv/bigpic/samsung-galaxy-f04-new.jpg,"Samsung Galaxy F04 Android smartphone. Announced Jan 2023. Features 6.5″  display, MT6765 Helio P35 chipset, 5000 mAh battery, 64 GB storage, 4 GB RAM.",2026-02-18T17:46:27.161958+00:00,Jan,2023,6.5,Mt6765 Helio P35,5000,64,4
Galaxy M04,https://www.gsmarena.com/samsung_galaxy_m04-12022.php,Samsung,GSMArena,https://fdn2.gsmarena.com/vv/bigpic/samsung-galaxy-m04-.jpg,"Samsung Galaxy M04 Android smartphone. Announced Dec 2022. Features 6.5″  display, MT6765 Helio P35 chipset, 5000 mAh battery, 128 GB storage, 4 GB RAM.",2026-02-18T17:46:27.161991+00:00,Dec,2022,6.5,Mt6765 Helio P35,5000,128,4
Galaxy A04e,https://www.gsmarena.com/samsung_galaxy_a04e-11945.php,Samsung,GSMArena,https://fdn2.gsmarena.com/vv/bigpic/samsung-galaxy-a04e.jpg,"Samsung Galaxy A04e Android smartphone. Announced Oct 2022. Features 6.5″  display, MT6765 Helio P35 chipset, 5000 mAh battery, 128 GB storage, 4 GB RAM.",2026-02-18T17:46:27.162054+00:00,Oct,2022,6.5,Mt6765 Helio P35,5000,128,4
Galaxy A04s,https://www.gsmarena.com/samsung_galaxy_a04s-11803.php,Samsung,GSMArena,https://fdn2.gsmarena.com/vv/bigpic/samsung-galaxy-a04s.jpg,"Samsung Galaxy A04s Android smartphone. Announced Aug 2022. Features 6.5″  display, Exynos 850 chipset, 5000 mAh battery, 128 GB storage, 4 GB RAM.",2026-02-18T17:46:27.162117+00:00,Aug,2022,6.5,Exynos 850,5000,128,4
Galaxy A04,https://www.gsmarena.com/samsung_galaxy_a04-11817.php,Samsung,GSMArena,https://fdn2.gsmarena.com/vv/bigpic/samsung-galaxy-a04.jpg,"Samsung Galaxy A04 Android smartphone. Announced Aug 2022. Features 6.5″  display, MT6765 Helio P35 chipset, 5000 mAh battery, 128 GB storage, 8 GB RAM.",2026-02-18T17:46:27.162149+00:00,Aug,2022,6.5,Mt6765 Helio P35,5000,128,8
Galaxy Z Fold4,https://www.gsmarena.com/samsung_galaxy_z_fold4-11737.php,Samsung,GSMArena,https://fdn2.gsmarena.com/vv/bigpic/samsung-galaxy-z-fold4.jpg,"Samsung Galaxy Z Fold4 Android smartphone. Announced Aug 2022. Features 7.6″  display, Snapdragon 8+ Gen 1 chipset, 4400 mAh battery, 1024 GB storage, 12 GB RAM.",2026-02-18T17:46:27.162180+00:00,Aug,2022,7.6,Snapdragon 8+ Gen 1,4400,1024,12
Galaxy Z Flip4,https://www.gsmarena.com/samsung_galaxy_z_flip4-11538.php,Samsung,GSMArena,https://fdn2.gsmarena.com/vv/bigpic/samsung-galaxy-z-flip4-5g.jpg,"Samsung Galaxy Z Flip4 Android smartphone. Announced Aug 2022. Features 6.7″  display, Snapdragon 8+ Gen 1 chipset, 3700 mAh battery, 512 GB storage, 8 GB RAM.",2026-02-18T17:46:27.162211+00:00,Aug,2022,6.7,Snapdragon 8+ Gen 1,3700,512,8
Galaxy A23 5G,https://www.gsmarena.com/samsung_galaxy_a23_5g-11736.php,Samsung,GSMArena,https://fdn2.gsmarena.com/vv/bigpic/samsung-galaxy-a23-5g.jpg,"Samsung Galaxy A23 5G Android smartphone. Announced Aug 2022. Features 6.6″  display, Snapdragon 695 5G chipset, 5000 mAh battery, 128 GB storage, 8 GB RAM, Corning Gorilla Glass 5.",2026-02-18T17:46:27.162303+00:00,Aug,2022,6.6,Snapdragon 695 5G,5000,128,8
Galaxy M13 5G,https://www.gsmarena.com/samsung_galaxy_m13_5g-11633.php,Samsung,GSMArena,https://fdn2.gsmarena.com/vv/bigpic/samsung-galaxy-m13-5g.jpg,"Samsung Galaxy M13 5G Android smartphone. Announced Jul 2022. Features 6.5″  display, Dimensity 700 chipset, 5000 mAh battery, 128 GB storage, 6 GB RAM, Corning Gorilla Glass 3.",2026-02-18T17:46:27.162336+00:00,Jul,2022,6.5,Dimensity 700,5000,128,6
Galaxy M13 (India),https://www.gsmarena.com/samsung_galaxy_m13_(india)-11654.php,Samsung,GSMArena,https://fdn2.gsmarena.com/vv/bigpic/samsung-galaxy-m13-4g-india.jpg,"Samsung Galaxy M13 (India) Android smartphone. Announced Jul 2022. Features 6.6″  display, Exynos 850 chipset, 6000 mAh battery, 128 GB storage, 6 GB RAM, Corning Gorilla Glass 5.",2026-02-18T17:46:27.162366+00:00,Jul,2022,6.6,Exynos 850,6000,128,6
Galaxy A13 (SM-A137),https://www.gsmarena.com/samsung_galaxy_a13_(sm_a137)-11665.php,Samsung,GSMArena,https://fdn2.gsmarena.com/vv/bigpic/samsung-galaxy-a13-a137.jpg,"Samsung Galaxy A13 (SM-A137) Android smartphone. Announced Jun 2022. Features 6.6″  display, MT6769V chipset, 5000 mAh battery, 128 GB storage, 4 GB RAM, Corning Gorilla Glass 5.",2026-02-18T17:46:27.162397+00:00,Jun,2022,6.6,Mt6769V,5000,128,4
Galaxy F13,https://www.gsmarena.com/samsung_galaxy_f13-11624.php,Samsung,GSMArena,https://fdn2.gsmarena.com/vv/bigpic/samsung-galaxy-f13.jpg,"Samsung Galaxy F13 Android smartphone. Announced Jun 2022. Features 6.6″  display, Exynos 850 chipset, 6000 mAh battery, 128 GB storage, 6 GB RAM, Corning Gorilla Glass 5.",2026-02-18T17:46:27.162458+00:00,Jun,2022,6.6,Exynos 850,6000,128,6
Galaxy M13,https://www.gsmarena.com/samsung_galaxy_m13-11564.php,Samsung,GSMArena,https://fdn2.gsmarena.com/vv/bigpic/samsung-galaxy-m13.jpg,"Samsung Galaxy M13 Android smartphone. Announced May 2022. Features 6.6″  display, Exynos 850 chipset, 5000 mAh battery, 128 GB storage, 4 GB RAM.",2026-02-18T17:46:27.162492+00:00,May,2022,6.6,Exynos 850,5000,128,4
Galaxy M53,https://www.gsmarena.com/samsung_galaxy_m53-11439.php,Samsung,GSMArena,https://fdn2.gsmarena.com/vv/bigpic/samsung-galaxy-m53-5g.jpg,"Samsung Galaxy M53 Android smartphone. Announced Apr 2022. Features 6.7″  display, Dimensity 900 chipset, 5000 mAh battery, 256 GB storage, 8 GB RAM, Corning Gorilla Glass 5.",2026-02-18T17:46:27.162554+00:00,Apr,2022,6.7,Dimensity 900,5000,256,8
Galaxy S20 FE 2022,https://www.gsmarena.com/samsung_galaxy_s20_fe_2022-11459.php,Samsung,GSMArena,https://fdn2.gsmarena.com/vv/bigpic/samsung-galaxy-s20-fe-5g.jpg,"Samsung Galaxy S20 FE 2022 Android smartphone. Announced Apr 2022. Features 6.5″  display, Snapdragon 865 5G chipset, 4500 mAh battery, 128 GB storage, 6 GB RAM, Corning Gorilla Glass 3.",2026-02-18T17:46:27.162585+00:00,Apr,2022,6.5,Snapdragon 865 5G,4500,128,6
Galaxy A73 5G,https://www.gsmarena.com/samsung_galaxy_a73_5g-11257.php,Samsung,GSMArena,https://fdn2.gsmarena.com/vv/bigpic/samsung-galaxy-a73-5g.jpg,"Samsung Galaxy A73 5G Android smartphone. Announced Mar 2022. Features 6.7″  display, Snapdragon 778G 5G chipset, 5000 mAh battery, 256 GB storage, 8 GB RAM, Corning Gorilla Glass 5.",2026-02-18T17:46:27.162616+00:00,Mar,2022,6.7,Snapdragon 778G 5G,5000,256,8
Galaxy A53 5G,https://www.gsmarena.com/samsung_galaxy_a53_5g-11268.php,Samsung,GSMArena,https://fdn2.gsmarena.com/vv/bigpic/samsung-galaxy-a53-5g-.jpg,"Samsung Galaxy A53 5G Android smartphone. Announced Mar 2022. Features 6.5″  display, Exynos 1280 chipset, 5000 mAh battery, 256 GB storage, 8 GB RAM, Corning Gorilla Glass 5.",2026-02-18T17:46:27.162649+00:00,Mar,2022,6.5,Exynos 1280,5000,256,8
Galaxy A33 5G,https://www.gsmarena.com/samsung_galaxy_a33_5g-11429.php,Samsung,GSMArena,https://fdn2.gsmarena.com/vv/bigpic/samsung-galaxy-a33-5g.jpg,"Samsung Galaxy A33 5G Android smartphone. Announced Mar 2022. Features 6.4″  display, Exynos 1280 chipset, 5000 mAh battery, 256 GB storage, 8 GB RAM, Corning Gorilla Glass 5.",2026-02-18T17:46:27.162680+00:00,Mar,2022,6.4,Exynos 1280,5000,256,8
Galaxy F23,https://www.gsmarena.com/samsung_galaxy_f23-11406.php,Samsung,GSMArena,https://fdn2.gsmarena.com/vv/bigpic/samsung-galaxy-m23.jpg,"Samsung Galaxy F23 Android smartphone. Announced Mar 2022. Features 6.6″  display, Snapdragon 750G 5G chipset, 5000 mAh battery, 128 GB storage, 6 GB RAM, Corning Gorilla Glass 5.",2026-02-18T17:46:27.162711+00:00,Mar,2022,6.6,Snapdragon 750G 5G,5000,128,6
Galaxy M33,https://www.gsmarena.com/samsung_galaxy_m33-11404.php,Samsung,GSMArena,https://fdn2.gsmarena.com/vv/bigpic/samsung-galaxy-m33.jpg,"Samsung Galaxy M33 Android smartphone. Announced Mar 2022. Features 6.6″  display, Exynos 1280 chipset, 6000 mAh battery, 128 GB storage, 8 GB RAM, Corning Gorilla Glass 5.",2026-02-18T17:46:27.162747+00:00,Mar,2022,6.6,Exynos 1280,6000,128,8
Galaxy M23,https://www.gsmarena.com/samsung_galaxy_m23-11403.php,Samsung,GSMArena,https://fdn2.gsmarena.com/vv/bigpic/samsung-galaxy-m23.jpg,"Samsung Galaxy M23 Android smartphone. Announced Mar 2022. Features 6.6″  display, Snapdragon 750G 5G chipset, 5000 mAh battery, 128 GB storage, 6 GB RAM.",2026-02-18T17:46:27.162777+00:00,Mar,2022,6.6,Snapdragon 750G 5G,5000,128,6
Galaxy A23,https://www.gsmarena.com/samsung_galaxy_a23-11373.php,Samsung,GSMArena,https://fdn2.gsmarena.com/vv/bigpic/samsung-galaxy-a23.jpg,"Samsung Galaxy A23 Android smartphone. Announced Mar 2022. Features 6.6″  display, Snapdragon 680 4G chipset, 5000 mAh battery, 128 GB storage, 8 GB RAM, Corning Gorilla Glass 5.",2026-02-18T17:46:27.162808+00:00,Mar,2022,6.6,Snapdragon 680 4G,5000,128,8
Galaxy A13,https://www.gsmarena.com/samsung_galaxy_a13-11402.php,Samsung,GSMArena,https://fdn2.gsmarena.com/vv/bigpic/samsung-galaxy-a13.jpg,"Samsung Galaxy A13 Android smartphone. Announced Mar 2022. Features 6.6″  display, Exynos 850 chipset, 5000 mAh battery, 128 GB storage, 6 GB RAM, Corning Gorilla Glass 5.",2026-02-18T17:46:27.162839+00:00,Mar,2022,6.6,Exynos 850,5000,128,6
Galaxy S22 Ultra 5G,https://www.gsmarena.com/samsung_galaxy_s22_ultra_5g-11251.php,Samsung,GSMArena,https://fdn2.gsmarena.com/vv/bigpic/samsung-galaxy-s22-ultra-5g.jpg,"Samsung Galaxy S22 Ultra 5G Android smartphone. Announced Feb 2022. Features 6.8″  display, Exynos 2200 chipset, 5000 mAh battery, 1024 GB storage, 12 GB RAM, Corning Gorilla Glass Victus+.",2026-02-18T17:46:27.162869+00:00,Feb,2022,6.8,Exynos 2200,5000,1024,12
Galaxy S22+ 5G,https://www.gsmarena.com/samsung_galaxy_s22+_5g-11252.php,Samsung,GSMArena,https://fdn2.gsmarena.com/vv/bigpic/samsung-galaxy-s22-plus-5g.jpg,"Samsung Galaxy S22+ 5G Android smartphone. Announced Feb 2022. Features 6.6″  display, Exynos 2200 chipset, 4500 mAh battery, 256 GB storage, 8 GB RAM, Corning Gorilla Glass Victus+.",2026-02-18T17:46:27.162900+00:00,Feb,2022,6.6,Exynos 2200,4500,256,8
Galaxy S22 5G,https://www.gsmarena.com/samsung_galaxy_s22_5g-11253.php,Samsung,GSMArena,https://fdn2.gsmarena.com/vv/bigpic/samsung-galaxy-s22-5g.jpg,"Samsung Galaxy S22 5G Android smartphone. Announced Feb 2022. Features 6.1″  display, Exynos 2200 chipset, 3700 mAh battery, 256 GB storage, 8 GB RAM, Corning Gorilla Glass Victus+.",2026-02-18T17:46:27.162931+00:00,Feb,2022,6.1,Exynos 2200,3700,256,8
Galaxy S21 FE 5G,https://www.gsmarena.com/samsung_galaxy_s21_fe_5g-10954.php,Samsung,GSMArena,https://fdn2.gsmarena.com/vv/bigpic/samsung-galaxy-s21-fe-5g.jpg,"Samsung Galaxy S21 FE 5G Android smartphone. Announced Jan 2022. Features 6.4″  display, Snapdragon 888 5G chipset, 4500 mAh battery, 256 GB storage, 8 GB RAM, Corning Gorilla Glass Victus.",2026-02-18T17:46:27.163055+00:00,Jan,2022,6.4,Snapdragon 888 5G,4500,256,8
Galaxy A13 5G,https://www.gsmarena.com/samsung_galaxy_a13_5g-11149.php,Samsung,GSMArena,https://fdn2.gsmarena.com/vv/bigpic/samsung-galaxy-a13-5g-.jpg,"Samsung Galaxy A13 5G Android smartphone. Announced Dec 2021. Features 6.5″  display, Dimensity 700 chipset, 5000 mAh battery, 128 GB storage, 6 GB RAM.",2026-02-18T17:46:27.163118+00:00,Dec,2021,6.5,Dimensity 700,5000,128,6
Galaxy A03,https://www.gsmarena.com/samsung_galaxy_a03-11244.php,Samsung,GSMArena,https://fdn2.gsmarena.com/vv/bigpic/samsung-galaxy-a03.jpg,"Samsung Galaxy A03 Android smartphone. Announced Nov 2021. Features 6.5″  display, Unisoc T606 chipset, 5000 mAh battery, 128 GB storage, 4 GB RAM.",2026-02-18T17:46:27.163149+00:00,Nov,2021,6.5,Unisoc T606,5000,128,4
Galaxy A03 Core,https://www.gsmarena.com/samsung_galaxy_a03_core-11215.php,Samsung,GSMArena,https://fdn2.gsmarena.com/vv/bigpic/samsung-galaxy-a03-core.jpg,"Samsung Galaxy A03 Core Android smartphone. Announced Nov 2021. Features 6.5″  display, Unisoc SC9863A chipset, 5000 mAh battery, 32 GB storage, 2 GB RAM.",2026-02-18T17:46:27.163180+00:00,Nov,2021,6.5,Unisoc Sc9863A,5000,32,2
Galaxy F42 5G,https://www.gsmarena.com/samsung_galaxy_f42_5g-11124.php,Samsung,GSMArena,https://fdn2.gsmarena.com/vv/bigpic/samsung-galaxy-f42-5g.jpg,"Samsung Galaxy F42 5G Android smartphone. Announced Sep 2021. Features 6.6″  display, Dimensity 700 chipset, 5000 mAh battery, 128 GB storage, 8 GB RAM.",2026-02-18T17:46:27.163211+00:00,Sep,2021,6.6,Dimensity 700,5000,128,8
Galaxy M52 5G,https://www.gsmarena.com/samsung_galaxy_m52_5g-11110.php,Samsung,GSMArena,https://fdn2.gsmarena.com/vv/bigpic/samsung-galaxy-m32-5g-.jpg,"Samsung Galaxy M52 5G Android smartphone. Announced Sep 2021. Features 6.7″  display, Snapdragon 778G 5G chipset, 5000 mAh battery, 128 GB storage, 8 GB RAM, Corning Gorilla Glass 5.",2026-02-18T17:46:27.163242+00:00,Sep,2021,6.7,Snapdragon 778G 5G,5000,128,8
Galaxy M22,https://www.gsmarena.com/samsung_galaxy_m22-11011.php,Samsung,GSMArena,https://fdn2.gsmarena.com/vv/bigpic/samsung-galaxy-m22-.jpg,"Samsung Galaxy M22 Android smartphone. Announced Sep 2021. Features 6.4″  display, MT6769V chipset, 5000 mAh battery, 128 GB storage, 6 GB RAM.",2026-02-18T17:46:27.163273+00:00,Sep,2021,6.4,Mt6769V,5000,128,6
Galaxy M32 5G,https://www.gsmarena.com/samsung_galaxy_m32_5g-11062.php,Samsung,GSMArena,https://fdn2.gsmarena.com/vv/bigpic/samsung-galaxy-m32-5g-new.jpg,"Samsung Galaxy M32 5G Android smartphone. Announced Aug 2021. Features 6.5″  display, Dimensity 720 chipset, 5000 mAh battery, 128 GB storage, 8 GB RAM.",2026-02-18T17:46:27.163303+00:00,Aug,2021,6.5,Dimensity 720,5000,128,8
Galaxy A03s,https://www.gsmarena.com/samsung_galaxy_a03s-10937.php,Samsung,GSMArena,https://fdn2.gsmarena.com/vv/bigpic/samsung-galaxy-a03s.jpg,"Samsung Galaxy A03s Android smartphone. Announced Aug 2021. Features 6.5″  display, MT6765 Helio P35 chipset, 5000 mAh battery, 64 GB storage, 4 GB RAM.",2026-02-18T17:46:27.163334+00:00,Aug,2021,6.5,Mt6765 Helio P35,5000,64,4
Galaxy A52s 5G,https://www.gsmarena.com/samsung_galaxy_a52s_5g-11039.php,Samsung,GSMArena,https://fdn2.gsmarena.com/vv/bigpic/samsung-galaxy-a52s-5g.jpg,"Samsung Galaxy A52s 5G Android smartphone. Announced Aug 2021. Features 6.5″  display, Snapdragon 778G 5G chipset, 4500 mAh battery, 256 GB storage, 8 GB RAM, Corning Gorilla Glass 5.",2026-02-18T17:46:27.163365+00:00,Aug,2021,6.5,Snapdragon 778G 5G,4500,256,8
Galaxy Z Fold3 5G,https://www.gsmarena.com/samsung_galaxy_z_fold3_5g-10906.php,Samsung,GSMArena,https://fdn2.gsmarena.com/vv/bigpic/samsung-galaxy-z-fold3-5g.jpg,"Samsung Galaxy Z Fold3 5G Android smartphone. Announced Aug 2021. Features 7.6″  display, Snapdragon 888 5G chipset, 4400 mAh battery, 512 GB storage, 12 GB RAM.",2026-02-18T17:46:27.163395+00:00,Aug,2021,7.6,Snapdragon 888 5G,4400,512,12
Galaxy Z Flip3 5G,https://www.gsmarena.com/samsung_galaxy_z_flip3_5g-11044.php,Samsung,GSMArena,https://fdn2.gsmarena.com/vv/bigpic/samsung-galaxy-z-flip3-5g.jpg,"Samsung Galaxy Z Flip3 5G Android smartphone. Announced Aug 2021. Features 6.7″  display, Snapdragon 888 5G chipset, 3300 mAh battery, 256 GB storage, 8 GB RAM.",2026-02-18T17:46:30.867493+00:00,Aug,2021,6.7,Snapdragon 888 5G,3300,256,8
Galaxy A12 (India),https://www.gsmarena.com/samsung_galaxy_a12_(india)-11087.php,Samsung,GSMArena,https://fdn2.gsmarena.com/vv/bigpic/samsung-galaxy-a12-sm-a125.jpg,"Samsung Galaxy A12 (India) Android smartphone. Announced Aug 2021. Features 6.5″  display, Exynos 850 chipset, 5000 mAh battery, 128 GB storage, 6 GB RAM.",2026-02-18T17:46:30.867599+00:00,Aug,2021,6.5,Exynos 850,5000,128,6
Galaxy A12 Nacho,https://www.gsmarena.com/samsung_galaxy_a12_nacho-11041.php,Samsung,GSMArena,https://fdn2.gsmarena.com/vv/bigpic/samsung-galaxy-a12-nacho.jpg,"Samsung Galaxy A12 Nacho Android smartphone. Announced Aug 2021. Features 6.5″  display, Exynos 850 chipset, 5000 mAh battery, 128 GB storage, 4 GB RAM.",2026-02-18T17:46:30.867631+00:00,Aug,2021,6.5,Exynos 850,5000,128,4
Galaxy M21 2021,https://www.gsmarena.com/samsung_galaxy_m21_2021-11015.php,Samsung,GSMArena,https://fdn2.gsmarena.com/vv/bigpic/samsung-galaxy-m21-2021.jpg,"Samsung Galaxy M21 2021 Android smartphone. Announced Jul 2021. Features 6.4″  display, Exynos 9611 chipset, 6000 mAh battery, 128 GB storage, 6 GB RAM.",2026-02-18T17:46:30.867664+00:00,Jul,2021,6.4,Exynos 9611,6000,128,6
Galaxy F22,https://www.gsmarena.com/samsung_galaxy_f22-10996.php,Samsung,GSMArena,https://fdn2.gsmarena.com/vv/bigpic/samsung-galaxy-f22.jpg,"Samsung Galaxy F22 Android smartphone. Announced Jul 2021. Features 6.4″  display, MT6769V chipset, 6000 mAh battery, 128 GB storage, 6 GB RAM.",2026-02-18T17:46:30.867695+00:00,Jul,2021,6.4,Mt6769V,6000,128,6
Galaxy M32,https://www.gsmarena.com/samsung_galaxy_m32-10887.php,Samsung,GSMArena,https://fdn2.gsmarena.com/vv/bigpic/samsung-galaxy-m32.jpg,"Samsung Galaxy M32 Android smartphone. Announced Jun 2021. Features 6.4″  display, MT6769V chipset, 6000 mAh battery, 128 GB storage, 8 GB RAM, Corning Gorilla Glass 5.",2026-02-18T17:46:30.867727+00:00,Jun,2021,6.4,Mt6769V,6000,128,8
Galaxy A22 5G,https://www.gsmarena.com/samsung_galaxy_a22_5g-10873.php,Samsung,GSMArena,https://fdn2.gsmarena.com/vv/bigpic/samsung-galaxy-a22-5g.jpg,"Samsung Galaxy A22 5G Android smartphone. Announced Jun 2021. Features 6.6″  display, Dimensity 700 chipset, 5000 mAh battery, 128 GB storage, 8 GB RAM.",2026-02-18T17:46:30.867758+00:00,Jun,2021,6.6,Dimensity 700,5000,128,8
Galaxy A22,https://www.gsmarena.com/samsung_galaxy_a22-10948.php,Samsung,GSMArena,https://fdn2.gsmarena.com/vv/bigpic/samsung-galaxy-a22.jpg,"Samsung Galaxy A22 Android smartphone. Announced Jun 2021. Features 6.4″  display, MT6769V chipset, 5000 mAh battery, 128 GB storage, 6 GB RAM.",2026-02-18T17:46:30.867789+00:00,Jun,2021,6.4,Mt6769V,5000,128,6
Galaxy F52 5G,https://www.gsmarena.com/samsung_galaxy_f52_5g-10900.php,Samsung,GSMArena,https://fdn2.gsmarena.com/vv/bigpic/samsung-galaxy-f52-5g.jpg,"Samsung Galaxy F52 5G Android smartphone. Announced May 2021. Features 6.6″  display, Snapdragon 750G 5G chipset, 4500 mAh battery, 128 GB storage, 8 GB RAM.",2026-02-18T17:46:30.867886+00:00,May,2021,6.6,Snapdragon 750G 5G,4500,128,8
Galaxy M42 5G,https://www.gsmarena.com/samsung_galaxy_m42_5g-10848.php,Samsung,GSMArena,https://fdn2.gsmarena.com/vv/bigpic/samsung-galaxy-m42.jpg,"Samsung Galaxy M42 5G Android smartphone. Announced Apr 2021. Features 6.6″  display, Snapdragon 750G 5G chipset, 5000 mAh battery, 128 GB storage, 8 GB RAM.",2026-02-18T17:46:30.867917+00:00,Apr,2021,6.6,Snapdragon 750G 5G,5000,128,8
Galaxy M12,https://www.gsmarena.com/samsung_galaxy_m12-10860.php,Samsung,GSMArena,https://fdn2.gsmarena.com/vv/bigpic/samsung-galaxy-m12.jpg,"Samsung Galaxy M12 Android smartphone. Announced Apr 2021. Features 6.5″  display, Exynos 850 chipset, 5000 mAh battery, 128 GB storage, 4 GB RAM.",2026-02-18T17:46:30.867949+00:00,Apr,2021,6.5,Exynos 850,5000,128,4
Galaxy F12,https://www.gsmarena.com/samsung_galaxy_f12-10825.php,Samsung,GSMArena,https://fdn2.gsmarena.com/vv/bigpic/samsung-galaxy-f12.jpg,"Samsung Galaxy F12 Android smartphone. Announced Apr 2021. Features 6.5″  display, Exynos 850 chipset, 6000 mAh battery, 128 GB storage, 4 GB RAM, Corning Gorilla Glass.",2026-02-18T17:46:30.868012+00:00,Apr,2021,6.5,Exynos 850,6000,128,4
Galaxy F02s,https://www.gsmarena.com/samsung_galaxy_f02s-10824.php,Samsung,GSMArena,https://fdn2.gsmarena.com/vv/bigpic/samsung-galaxy-f02s.jpg,"Samsung Galaxy F02s Android smartphone. Announced Apr 2021. Features 6.5″  display, Snapdragon 450 chipset, 5000 mAh battery, 64 GB storage, 4 GB RAM.",2026-02-18T17:46:30.868043+00:00,Apr,2021,6.5,Snapdragon 450,5000,64,4
Galaxy A72,https://www.gsmarena.com/samsung_galaxy_a72-10469.php,Samsung,GSMArena,https://fdn2.gsmarena.com/vv/bigpic/samsung-galaxy-a72-4g.jpg,"Samsung Galaxy A72 Android smartphone. Announced Mar 2021. Features 6.7″  display, Snapdragon 720G chipset, 5000 mAh battery, 256 GB storage, 8 GB RAM, Corning Gorilla Glass 5.",2026-02-18T17:46:30.868074+00:00,Mar,2021,6.7,Snapdragon 720G,5000,256,8
Galaxy A52 5G,https://www.gsmarena.com/samsung_galaxy_a52_5g-10631.php,Samsung,GSMArena,https://fdn2.gsmarena.com/vv/bigpic/samsung-galaxy-a52-5g.jpg,"Samsung Galaxy A52 5G Android smartphone. Announced Mar 2021. Features 6.5″  display, Snapdragon 750G 5G chipset, 4500 mAh battery, 256 GB storage, 8 GB RAM, Corning Gorilla Glass 5.",2026-02-18T17:46:30.868105+00:00,Mar,2021,6.5,Snapdragon 750G 5G,4500,256,8
Galaxy A52,https://www.gsmarena.com/samsung_galaxy_a52-10641.php,Samsung,GSMArena,https://fdn2.gsmarena.com/vv/bigpic/samsung-galaxy-a52-4g.jpg,"Samsung Galaxy A52 Android smartphone. Announced Mar 2021. Features 6.5″  display, Snapdragon 720G chipset, 4500 mAh battery, 256 GB storage, 8 GB RAM, Corning Gorilla Glass 5.",2026-02-18T17:46:30.868138+00:00,Mar,2021,6.5,Snapdragon 720G,4500,256,8
Galaxy A32,https://www.gsmarena.com/samsung_galaxy_a32-10753.php,Samsung,GSMArena,https://fdn2.gsmarena.com/vv/bigpic/samsung-galaxy-a32-4g-new.jpg,"Samsung Galaxy A32 Android smartphone. Announced Feb 2021. Features 6.4″  display, MT6769V chipset, 5000 mAh battery, 128 GB storage, 8 GB RAM, Corning Gorilla Glass 5.",2026-02-18T17:46:30.868201+00:00,Feb,2021,6.4,Mt6769V,5000,128,8
Galaxy M62,https://www.gsmarena.com/samsung_galaxy_m62-10749.php,Samsung,GSMArena,https://fdn2.gsmarena.com/vv/bigpic/samsung-galaxy-m62.jpg,"Samsung Galaxy M62 Android smartphone. Announced Feb 2021. Features 6.7″  display, Exynos 9825 chipset, 7000 mAh battery, 256 GB storage, 8 GB RAM.",2026-02-18T17:46:30.868232+00:00,Feb,2021,6.7,Exynos 9825,7000,256,8
Galaxy F62,https://www.gsmarena.com/samsung_galaxy_f62-10740.php,Samsung,GSMArena,https://fdn2.gsmarena.com/vv/bigpic/samsung-galaxy-f62.jpg,"Samsung Galaxy F62 Android smartphone. Announced Feb 2021. Features 6.7″  display, Exynos 9825 chipset, 7000 mAh battery, 128 GB storage, 8 GB RAM.",2026-02-18T17:46:30.868265+00:00,Feb,2021,6.7,Exynos 9825,7000,128,8
Galaxy M12 (India),https://www.gsmarena.com/samsung_galaxy_m12_(india)-10578.php,Samsung,GSMArena,https://fdn2.gsmarena.com/vv/bigpic/samsung-galaxy-a12-sm-a125.jpg,"Samsung Galaxy M12 (India) Android smartphone. Announced Feb 2021. Features 6.5″  display, Exynos 850 chipset, 6000 mAh battery, 128 GB storage, 6 GB RAM.",2026-02-18T17:46:30.868297+00:00,Feb,2021,6.5,Exynos 850,6000,128,6
Galaxy S21 Ultra 5G,https://www.gsmarena.com/samsung_galaxy_s21_ultra_5g-10596.php,Samsung,GSMArena,https://fdn2.gsmarena.com/vv/bigpic/samsung-galaxy-s21-ultra-5g-.jpg,"Samsung Galaxy S21 Ultra 5G Android smartphone. Announced Jan 2021. Features 6.8″  display, Exynos 2100 chipset, 5000 mAh battery, 512 GB storage, 16 GB RAM, Corning Gorilla Glass Victus.",2026-02-18T17:46:30.868328+00:00,Jan,2021,6.8,Exynos 2100,5000,512,16
Galaxy S21+ 5G,https://www.gsmarena.com/samsung_galaxy_s21+_5g-10625.php,Samsung,GSMArena,https://fdn2.gsmarena.com/vv/bigpic/samsung-galaxy-s21-plus-5g-.jpg,"Samsung Galaxy S21+ 5G Android smartphone. Announced Jan 2021. Features 6.7″  display, Exynos 2100 chipset, 4800 mAh battery, 256 GB storage, 8 GB RAM, Corning Gorilla Glass Victus.",2026-02-18T17:46:30.868359+00:00,Jan,2021,6.7,Exynos 2100,4800,256,8
Galaxy S21 5G,https://www.gsmarena.com/samsung_galaxy_s21_5g-10626.php,Samsung,GSMArena,https://fdn2.gsmarena.com/vv/bigpic/samsung-galaxy-s21-5g-r.jpg,"Samsung Galaxy S21 5G Android smartphone. Announced Jan 2021. Features 6.2″  display, Exynos 2100 chipset, 4000 mAh battery, 256 GB storage, 8 GB RAM, Corning Gorilla Glass Victus.",2026-02-18T17:46:30.868390+00:00,Jan,2021,6.2,Exynos 2100,4000,256,8
Galaxy A32 5G,https://www.gsmarena.com/samsung_galaxy_a32_5g-10648.php,Samsung,GSMArena,https://fdn2.gsmarena.com/vv/bigpic/samsung-galaxy-a32-5g.jpg,"Samsung Galaxy A32 5G Android smartphone. Announced Jan 2021. Features 6.5″  display, Dimensity 720 chipset, 5000 mAh battery, 128 GB storage, 8 GB RAM, Corning Gorilla Glass 5.",2026-02-18T17:46:30.868421+00:00,Jan,2021,6.5,Dimensity 720,5000,128,8
Galaxy M02s,https://www.gsmarena.com/samsung_galaxy_m02s-10663.php,Samsung,GSMArena,https://fdn2.gsmarena.com/vv/bigpic/samsung-galaxy-m02s.jpg,"Samsung Galaxy M02s Android smartphone. Announced Jan 2021. Features 6.5″  display, Snapdragon 450 chipset, 5000 mAh battery, 64 GB storage, 4 GB RAM.",2026-02-18T17:46:30.868452+00:00,Jan,2021,6.5,Snapdragon 450,5000,64,4
Galaxy A12,https://www.gsmarena.com/samsung_galaxy_a12-10604.php,Samsung,GSMArena,https://fdn2.gsmarena.com/vv/bigpic/samsung-galaxy-a12-sm-a125.jpg,"Samsung Galaxy A12 Android smartphone. Announced Nov 2020. Features 6.5″  display, MT6765 Helio P35 chipset, 5000 mAh battery, 128 GB storage, 6 GB RAM.",2026-02-18T17:46:30.868483+00:00,Nov,2020,6.5,Mt6765 Helio P35,5000,128,6
Galaxy M02,https://www.gsmarena.com/samsung_galaxy_m02-10709.php,Samsung,GSMArena,https://fdn2.gsmarena.com/vv/bigpic/samsung-galaxy-m02.jpg,"Samsung Galaxy M02 Android smartphone. Announced Feb 2021. Features 6.5″  display, MT6739W chipset, 5000 mAh battery, 32 GB storage, 3 GB RAM.",2026-02-18T17:46:30.868514+00:00,Feb,2021,6.5,Mt6739W,5000,32,3
Galaxy A02,https://www.gsmarena.com/samsung_galaxy_a02-10708.php,Samsung,GSMArena,https://fdn2.gsmarena.com/vv/bigpic/samsung-galaxy-a02.jpg,"Samsung Galaxy A02 Android smartphone. Announced Jan 2021. Features 6.5″  display, MT6739W chipset, 5000 mAh battery, 64 GB storage, 4 GB RAM.",2026-02-18T17:46:30.868545+00:00,Jan,2021,6.5,Mt6739W,5000,64,4
Galaxy A02s,https://www.gsmarena.com/samsung_galaxy_a02s-10603.php,Samsung,GSMArena,https://fdn2.gsmarena.com/vv/bigpic/samsung-galaxy-a02s-sm-a025-new.jpg,"Samsung Galaxy A02s Android smartphone. Announced Nov 2020. Features 6.5″  display, Snapdragon 450 chipset, 5000 mAh battery, 64 GB storage, 4 GB RAM.",2026-02-18T17:46:30.868575+00:00,Nov,2020,6.5,Snapdragon 450,5000,64,4
Galaxy M21s,https://www.gsmarena.com/samsung_galaxy_m21s-10580.php,Samsung,GSMArena,https://fdn2.gsmarena.com/vv/bigpic/samsung-galaxy-m21s.jpg,"Samsung Galaxy M21s Android smartphone. Announced Nov 2020. Features 6.4″  display, Exynos 9611 chipset, 6000 mAh battery, 64 GB storage, 4 GB RAM, Corning Gorilla Glass 3.",2026-02-18T17:46:30.868606+00:00,Nov,2020,6.4,Exynos 9611,6000,64,4
Galaxy M31 Prime,https://www.gsmarena.com/samsung_galaxy_m31_prime-10496.php,Samsung,GSMArena,https://fdn2.gsmarena.com/vv/bigpic/samsung-galaxy-m31-sm-m315f.jpg,"Samsung Galaxy M31 Prime Android smartphone. Announced Oct 2020. Features 6.4″  display, Exynos 9611 chipset, 6000 mAh battery, 128 GB storage, 6 GB RAM, Corning Gorilla Glass 3.",2026-02-18T17:46:30.868637+00:00,Oct,2020,6.4,Exynos 9611,6000,128,6
Galaxy F41,https://www.gsmarena.com/samsung_galaxy_f41-10498.php,Samsung,GSMArena,https://fdn2.gsmarena.com/vv/bigpic/samsung-galaxy-f41-sm-f415fds.jpg,"Samsung Galaxy F41 Android smartphone. Announced Oct 2020. Features 6.4″  display, Exynos 9611 chipset, 6000 mAh battery, 128 GB storage, 6 GB RAM.",2026-02-18T17:46:30.868668+00:00,Oct,2020,6.4,Exynos 9611,6000,128,6
Galaxy S20 FE 5G,https://www.gsmarena.com/samsung_galaxy_s20_fe_5g-10377.php,Samsung,GSMArena,https://fdn2.gsmarena.com/vv/bigpic/samsung-galaxy-s20-fe-5g.jpg,"Samsung Galaxy S20 FE 5G Android smartphone. Announced Sep 2020. Features 6.5″  display, Snapdragon 865 5G chipset, 4500 mAh battery, 256 GB storage, 8 GB RAM, Corning Gorilla Glass 3.",2026-02-18T17:46:30.868730+00:00,Sep,2020,6.5,Snapdragon 865 5G,4500,256,8
Galaxy S20 FE,https://www.gsmarena.com/samsung_galaxy_s20_fe-10428.php,Samsung,GSMArena,https://fdn2.gsmarena.com/vv/bigpic/samsung-galaxy-s20-fe-4g.jpg,"Samsung Galaxy S20 FE Android smartphone. Announced Sep 2020. Features 6.5″  display, Exynos 990 chipset, 4500 mAh battery, 256 GB storage, 8 GB RAM, Corning Gorilla Glass 3.",2026-02-18T17:46:30.868761+00:00,Sep,2020,6.5,Exynos 990,4500,256,8
Galaxy A42 5G,https://www.gsmarena.com/samsung_galaxy_a42_5g-10412.php,Samsung,GSMArena,https://fdn2.gsmarena.com/vv/bigpic/samsung-galaxy-a42-5g.jpg,"Samsung Galaxy A42 5G Android smartphone. Announced Sep 2020. Features 6.6″  display, Snapdragon 750 5G chipset, 5000 mAh battery, 128 GB storage, 8 GB RAM.",2026-02-18T17:46:30.868792+00:00,Sep,2020,6.6,Snapdragon 750 5G,5000,128,8
Galaxy M51,https://www.gsmarena.com/samsung_galaxy_m51-10148.php,Samsung,GSMArena,https://fdn2.gsmarena.com/vv/bigpic/samsung-galaxy-m51.jpg,"Samsung Galaxy M51 Android smartphone. Announced Aug 2020. Features 6.7″  display, Snapdragon 730G chipset, 7000 mAh battery, 128 GB storage, 8 GB RAM, Corning Gorilla Glass 3+.",2026-02-18T17:46:30.868854+00:00,Aug,2020,6.7,Snapdragon 730G,7000,128,8
Galaxy A51 5G UW,https://www.gsmarena.com/samsung_galaxy_a51_5g_uw-10371.php,Samsung,GSMArena,https://fdn2.gsmarena.com/vv/bigpic/samsung-galaxy-a51-5g-uw.jpg,"Samsung Galaxy A51 5G UW Android smartphone. Announced Aug 2020. Features 6.5″  display, Snapdragon 765G 5G chipset, 4500 mAh battery, 128 GB storage, 6 GB RAM, Corning Gorilla Glass 3.",2026-02-18T17:46:30.868886+00:00,Aug,2020,6.5,Snapdragon 765G 5G,4500,128,6
Galaxy Z Fold2 5G,https://www.gsmarena.com/samsung_galaxy_z_fold2_5g-10342.php,Samsung,GSMArena,https://fdn2.gsmarena.com/vv/bigpic/samsung-galaxy-z-fold2-5g.jpg,"Samsung Galaxy Z Fold2 5G Android smartphone. Announced Aug 2020. Features 7.6″  display, Snapdragon 865 5G+ chipset, 4500 mAh battery, 512 GB storage, 12 GB RAM.",2026-02-18T17:46:30.868918+00:00,Aug,2020,7.6,Snapdragon 865 5G+,4500,512,12
Galaxy Note20 Ultra 5G,https://www.gsmarena.com/samsung_galaxy_note20_ultra_5g-10261.php,Samsung,GSMArena,https://fdn2.gsmarena.com/vv/bigpic/samsung-galaxy-note20-ultra-.jpg,"Samsung Galaxy Note20 Ultra 5G Android smartphone. Announced Aug 2020. Features 6.9″  display, Exynos 990 chipset, 4500 mAh battery, 512 GB storage, 12 GB RAM, Corning Gorilla Glass Victus.",2026-02-18T17:46:30.868950+00:00,Aug,2020,6.9,Exynos 990,4500,512,12
Galaxy Note20 Ultra,https://www.gsmarena.com/samsung_galaxy_note20_ultra-10355.php,Samsung,GSMArena,https://fdn2.gsmarena.com/vv/bigpic/samsung-galaxy-note20-ultra-.jpg,"Samsung Galaxy Note20 Ultra Android smartphone. Announced Aug 2020. Features 6.9″  display, Exynos 990 chipset, 4500 mAh battery, 512 GB storage, 12 GB RAM, Corning Gorilla Glass Victus.",2026-02-18T17:46:30.868981+00:00,Aug,2020,6.9,Exynos 990,4500,512,12
Galaxy Note20 5G,https://www.gsmarena.com/samsung_galaxy_note20_5g-10325.php,Samsung,GSMArena,https://fdn2.gsmarena.com/vv/bigpic/samsung-galaxy-note20-5g-r.jpg,"Samsung Galaxy Note20 5G Android smartphone. Announced Aug 2020. Features 6.7″  display, Exynos 990 chipset, 4300 mAh battery, 256 GB storage, 8 GB RAM, Corning Gorilla Glass 5.",2026-02-18T17:46:30.869012+00:00,Aug,2020,6.7,Exynos 990,4300,256,8
Galaxy Note20,https://www.gsmarena.com/samsung_galaxy_note20-10338.php,Samsung,GSMArena,https://fdn2.gsmarena.com/vv/bigpic/samsung-galaxy-note20-5g-r.jpg,"Samsung Galaxy Note20 Android smartphone. Announced Aug 2020. Features 6.7″  display, Exynos 990 chipset, 4300 mAh battery, 256 GB storage, 8 GB RAM, Corning Gorilla Glass 5.",2026-02-18T17:46:30.869043+00:00,Aug,2020,6.7,Exynos 990,4300,256,8
