name,url,brand,platform,image,title_raw,scraped_at
Galaxy F70e,https://www.gsmarena.com/samsung_galaxy_f70e_5g-14459.php,Samsung,GSMArena,https://fdn2.gsmarena.com/vv/bigpic/samsung-galaxy-f70e.jpg,"Samsung Galaxy F70e 5G Android smartphone. Announced Feb 2026. Features 6.7″  display, Dimensity 6300 chipset, 6000 mAh battery, 128 GB storage, 6 GB RAM.",2026-02-18T17:46:18.673885+00:00
Galaxy A07,https://www.gsmarena.com/samsung_galaxy_a07_5g-14409.php,Samsung,GSMArena,https://fdn2.gsmarena.com/vv/bigpic/samsung-galaxy-a07-5g.jpg,"Samsung Galaxy A07 5G Android smartphone. Announced Jan 2026. Features 6.7″  display, Dimensity 6300 chipset, 6000 mAh battery, 128 GB storage, 6 GB RAM.",2026-02-18T17:46:18.673932+00:00
Galaxy Z TriFold,https://www.gsmarena.com/samsung_galaxy_z_trifold_5g-14292.php,Samsung,GSMArena,https://fdn2.gsmarena.com/vv/bigpic/samsung-galaxy-z-trifold-.jpg,"Samsung Galaxy Z TriFold 5G Android smartphone. Announced Dec 2025. Features 10.0″  display, Snapdragon 8 Elite chipset, 5600 mAh battery, 1024 GB storage, 16 GB RAM.",2026-02-18T17:46:18.673967+00:00
Galaxy M17,https://www.gsmarena.com/samsung_galaxy_m17_5g-14221.php,Samsung,GSMArena,https://fdn2.gsmarena.com/vv/bigpic/samsung-galaxy-a17.jpg,"Samsung Galaxy M17 5G Android smartphone. Announced Oct 2025. Features 6.7″  display, Exynos 1330 chipset, 5000 mAh battery, 128 GB storage, 8 GB RAM, Corning Gorilla Glass Victus.",2026-02-18T17:46:18.674002+00:00
Galaxy F07,https://www.gsmarena.com/samsung_galaxy_f07-14205.php,Samsung,GSMArena,https://fdn2.gsmarena.com/vv/bigpic/samsung-galaxy-f07.jpg,"Samsung Galaxy F07 Android smartphone. Announced Oct 2025. Features 6.7″  display, Helio G99 chipset, 5000 mAh battery, 64 GB storage, 4 GB RAM.",2026-02-18T17:46:18.674035+00:00
Galaxy M07,https://www.gsmarena.com/samsung_galaxy_m07-14100.php,Samsung,GSMArena,https://fdn2.gsmarena.com/vv/bigpic/samsung-galaxy-m07.jpg,"Samsung Galaxy M07 Android smartphone. Announced Oct 2025. Features 6.7″  display, Helio G99 chipset, 5000 mAh battery, 64 GB storage, 4 GB RAM.",2026-02-18T17:46:18.674067+00:00
Galaxy A17 4G,https://www.gsmarena.com/samsung_galaxy_a17-14157.php,Samsung,GSMArena,https://fdn2.gsmarena.com/vv/bigpic/samsung-galaxy-a17.jpg,"Samsung Galaxy A17 Android smartphone. Announced Sep 2025. Features 6.7″  display, Helio G99 chipset, 5000 mAh battery, 256 GB storage, 8 GB RAM, Corning Gorilla Glass Victus+.",2026-02-18T17:46:18.674100+00:00
Galaxy Tab A11+,https://www.gsmarena.com/samsung_galaxy_tab_a11+-14192.php,Samsung,GSMArena,https://fdn2.gsmarena.com/vv/bigpic/samsung-galaxy-tab-a11-plus.jpg,"Samsung Galaxy Tab A11+ Android tablet. Announced Sep 2025. Features 11.0″  display, Dimensity 7300 chipset, 7040 mAh battery, 256 GB storage, 8 GB RAM.",2026-02-18T17:46:18.674132+00:00
Galaxy Tab A11,https://www.gsmarena.com/samsung_galaxy_tab_a11-14141.php,Samsung,GSMArena,https://fdn2.gsmarena.com/vv/bigpic/samsung-galaxy-tab-a11.jpg,"Samsung Galaxy Tab A11 Android tablet. Announced Sep 2025. Features 8.7″  display, Helio G99 chipset, 5100 mAh battery, 128 GB storage, 8 GB RAM.",2026-02-18T17:46:18.674165+00:00
Galaxy F17,https://www.gsmarena.com/samsung_galaxy_f17_5g-14107.php,Samsung,GSMArena,https://fdn2.gsmarena.com/vv/bigpic/samsung-galaxy-f17-5g-.jpg,"Samsung Galaxy F17 5G Android smartphone. Announced Sep 2025. Features 6.7″  display, Exynos 1330 chipset, 5000 mAh battery, 128 GB storage, 8 GB RAM, Corning Gorilla Glass Victus.",2026-02-18T17:46:18.674198+00:00
Galaxy S25 FE,https://www.gsmarena.com/samsung_galaxy_s25_fe_5g-14042.php,Samsung,GSMArena,https://fdn2.gsmarena.com/vv/bigpic/samsung-galaxy-s25-fe.jpg,"Samsung Galaxy S25 FE 5G Android smartphone. Announced Sep 2025. Features 6.7″  display, Exynos 2400 chipset, 4900 mAh battery, 512 GB storage, 8 GB RAM, Corning Gorilla Glass Victus+.",2026-02-18T17:46:18.674229+00:00
Galaxy Tab S11 Ultra,https://www.gsmarena.com/samsung_galaxy_tab_s11_ultra_5g-14057.php,Samsung,GSMArena,https://fdn2.gsmarena.com/vv/bigpic/samsung-galaxy-tab-s11-ultra.jpg,"Samsung Galaxy Tab S11 Ultra 5G Android tablet. Announced Sep 2025. Features 14.6″  display, Dimensity 9400+ chipset, 11600 mAh battery, 1024 GB storage, 16 GB RAM.",2026-02-18T17:46:18.674263+00:00
Galaxy Tab S11,https://www.gsmarena.com/samsung_galaxy_tab_s11_5g-14058.php,Samsung,GSMArena,https://fdn2.gsmarena.com/vv/bigpic/samsung-galaxy-tab-s11.jpg,"Samsung Galaxy Tab S11 5G Android tablet. Announced Sep 2025. Features 11.0″  display, Dimensity 9400+ chipset, 8400 mAh battery, 2048 GB storage, 12 GB RAM.",2026-02-18T17:46:18.674294+00:00
Galaxy Tab S10 Lite,https://www.gsmarena.com/samsung_galaxy_tab_s10_lite_5g-14059.php,Samsung,GSMArena,https://fdn2.gsmarena.com/vv/bigpic/samsung-galaxy-tab-s10-lite.jpg,"Samsung Galaxy Tab S10 Lite 5G Android tablet. Announced Aug 2025. Features 10.9″  display, Exynos 1380 chipset, 8000 mAh battery, 256 GB storage, 8 GB RAM.",2026-02-18T17:46:18.674326+00:00
Galaxy A07 4G,https://www.gsmarena.com/samsung_galaxy_a07-14066.php,Samsung,GSMArena,https://fdn2.gsmarena.com/vv/bigpic/samsung-galaxy-a07.jpg,"Samsung Galaxy A07 Android smartphone. Announced Aug 2025. Features 6.7″  display, Helio G99 chipset, 5000 mAh battery, 256 GB storage, 8 GB RAM.",2026-02-18T17:46:18.674357+00:00
Galaxy A17,https://www.gsmarena.com/samsung_galaxy_a17_5g-14041.php,Samsung,GSMArena,https://fdn2.gsmarena.com/vv/bigpic/samsung-galaxy-a17-5g.jpg,"Samsung Galaxy A17 5G Android smartphone. Announced Aug 2025. Features 6.7″  display, Exynos 1330 chipset, 5000 mAh battery, 256 GB storage, 8 GB RAM, Corning Gorilla Glass Victus.",2026-02-18T17:46:18.674389+00:00
Galaxy F36,https://www.gsmarena.com/samsung_galaxy_f36_5g-14009.php,Samsung,GSMArena,https://fdn2.gsmarena.com/vv/bigpic/samsung-galaxy-f36.jpg,"Samsung Galaxy F36 5G Android smartphone. Announced Jul 2025. Features 6.7″  display, Exynos 1380 chipset, 5000 mAh battery, 256 GB storage, 8 GB RAM, Corning Gorilla Glass Victus+.",2026-02-18T17:46:18.674420+00:00
Galaxy Z Fold7,https://www.gsmarena.com/samsung_galaxy_z_fold7-13826.php,Samsung,GSMArena,https://fdn2.gsmarena.com/vv/bigpic/samsung-galaxy-z-fold7.jpg,"Samsung Galaxy Z Fold7 Android smartphone. Announced Jul 2025. Features 8.0″  display, Snapdragon 8 Elite chipset, 4400 mAh battery, 1024 GB storage, 16 GB RAM.",2026-02-18T17:46:18.674451+00:00
Galaxy Z Flip7,https://www.gsmarena.com/samsung_galaxy_z_flip7-13712.php,Samsung,GSMArena,https://fdn2.gsmarena.com/vv/bigpic/samsung-galaxy-z-flip7.jpg,"Samsung Galaxy Z Flip7 Android smartphone. Announced Jul 2025. Features 6.9″  display, Exynos 2500 chipset, 4300 mAh battery, 512 GB storage, 12 GB RAM.",2026-02-18T17:46:18.674485+00:00
Galaxy Z Flip7 FE,https://www.gsmarena.com/samsung_galaxy_z_flip7_fe_5g-13844.php,Samsung,GSMArena,https://fdn2.gsmarena.com/vv/bigpic/samsung-galaxy-z-flip7-fe-.jpg,"Samsung Galaxy Z Flip7 FE 5G Android smartphone. Announced Jul 2025. Features 6.7″  display, Exynos 2400 chipset, 4000 mAh battery, 256 GB storage, 8 GB RAM.",2026-02-18T17:46:18.674518+00:00
Galaxy Watch8 Classic,https://www.gsmarena.com/samsung_galaxy_watch8_classic-13998.php,Samsung,GSMArena,https://fdn2.gsmarena.com/vv/bigpic/samsung-galaxy-watch8-classic.jpg,"Samsung Galaxy Watch8 Classic Android watch. Announced Jul 2025. Features 1.34″  display, Exynos W1000 chipset, 445 mAh battery, 64 GB storage, 2 GB RAM, MIL-STD-810H compliant, Sapphire crystal.",2026-02-18T17:46:18.674548+00:00
Galaxy Watch8,https://www.gsmarena.com/samsung_galaxy_watch8-13997.php,Samsung,GSMArena,https://fdn2.gsmarena.com/vv/bigpic/samsung-galaxy-watch8.jpg,"Samsung Galaxy Watch8 Android watch. Announced Jul 2025. Features 1.47″  display, Exynos W1000 chipset, 435 mAh battery, 32 GB storage, 2 GB RAM, MIL-STD-810H compliant, Sapphire crystal.",2026-02-18T17:46:18.674580+00:00
Galaxy M36,https://www.gsmarena.com/samsung_galaxy_m36_5g-13967.php,Samsung,GSMArena,https://fdn2.gsmarena.com/vv/bigpic/samsung-galaxy-m36.jpg,"Samsung Galaxy M36 5G Android smartphone. Announced Jun 2025. Features 6.7″  display, Exynos 1380 chipset, 5000 mAh battery, 256 GB storage, 8 GB RAM, Corning Gorilla Glass Victus+.",2026-02-18T17:46:18.674611+00:00
Galaxy S25 Edge,https://www.gsmarena.com/samsung_galaxy_s25_edge-13506.php,Samsung,GSMArena,https://fdn2.gsmarena.com/vv/bigpic/samsung-galaxy-s25-edge.jpg,"Samsung Galaxy S25 Edge Android smartphone. Announced May 2025. Features 6.7″  display, Snapdragon 8 Elite chipset, 3900 mAh battery, 512 GB storage, 12 GB RAM, Corning Gorilla Glass Ceramic 2.",2026-02-18T17:46:18.674642+00:00
Galaxy F56,https://www.gsmarena.com/samsung_galaxy_f56_5g-13855.php,Samsung,GSMArena,https://fdn2.gsmarena.com/vv/bigpic/samsung-galaxy-f56-5g.jpg,"Samsung Galaxy F56 5G Android smartphone. Announced May 2025. Features 6.74″  display, Exynos 1480 chipset, 5000 mAh battery, 256 GB storage, 8 GB RAM, Corning Gorilla Glass Victus+.",2026-02-18T17:46:18.674672+00:00
Galaxy M56,https://www.gsmarena.com/samsung_galaxy_m56_5g-13801.php,Samsung,GSMArena,https://fdn2.gsmarena.com/vv/bigpic/samsung-galaxy-m56-5g.jpg,"Samsung Galaxy M56 5G Android smartphone. Announced Apr 2025. Features 6.74″  display, Exynos 1480 chipset, 5000 mAh battery, 256 GB storage, 8 GB RAM, Corning Gorilla Glass Victus+.",2026-02-18T17:46:18.674703+00:00
Galaxy XCover7 Pro,https://www.gsmarena.com/samsung_galaxy_xcover7_pro-13780.php,Samsung,GSMArena,https://fdn2.gsmarena.com/vv/bigpic/samsung-galaxy-xcover7-pro-1.jpg,"Samsung Galaxy XCover7 Pro Android smartphone. Announced Apr 2025. Features 6.6″  display, Snapdragon 7s Gen 3 chipset, 4350 mAh battery, 256 GB storage, 8 GB RAM, MIL-STD-810H compliant, Corning Gorilla Glass Victus+.",2026-02-18T17:46:18.674736+00:00
Galaxy Tab Active5 Pro,https://www.gsmarena.com/samsung_galaxy_tab_active5_pro-13790.php,Samsung,GSMArena,https://fdn2.gsmarena.com/vv/bigpic/samsung-galaxy-tab-active5-pro.jpg,"Samsung Galaxy Tab Active5 Pro Android tablet. Announced Apr 2025. Features 10.1″  display, Snapdragon 7s Gen 3 chipset, 10100 mAh battery, 256 GB storage, 8 GB RAM, MIL-STD-810H compliant, Corning Gorilla Glass Victus+.",2026-02-18T17:46:18.674767+00:00
Galaxy Tab S10 FE+,https://www.gsmarena.com/samsung_galaxy_tab_s10_fe+-13760.php,Samsung,GSMArena,https://fdn2.gsmarena.com/vv/bigpic/samsung-galaxy-tab-s10-fe-plus.jpg,"Samsung Galaxy Tab S10 FE+ Android tablet. Announced Apr 2025. Features 13.1″  display, Exynos 1580 chipset, 10090 mAh battery, 256 GB storage, 12 GB RAM.",2026-02-18T17:46:18.674798+00:00
Galaxy Tab S10 FE,https://www.gsmarena.com/samsung_galaxy_tab_s10_fe-13761.php,Samsung,GSMArena,https://fdn2.gsmarena.com/vv/bigpic/samsung-galaxy-tab-s10-fe.jpg,"Samsung Galaxy Tab S10 FE Android tablet. Announced Apr 2025. Features 10.9″  display, Exynos 1580 chipset, 8000 mAh battery, 256 GB storage, 12 GB RAM.",2026-02-18T17:46:18.674828+00:00
Galaxy F16,https://www.gsmarena.com/samsung_galaxy_f16-13721.php,Samsung,GSMArena,https://fdn2.gsmarena.com/vv/bigpic/samsung-galaxy-f16-5g.jpg,"Samsung Galaxy F16 Android smartphone. Announced Mar 2025. Features 6.7″  display, Dimensity 6300 chipset, 5000 mAh battery, 128 GB storage, 8 GB RAM.",2026-02-18T17:46:18.674861+00:00
Galaxy A56,https://www.gsmarena.com/samsung_galaxy_a56-13603.php,Samsung,GSMArena,https://fdn2.gsmarena.com/vv/bigpic/samsung-galaxy-a56-.jpg,"Samsung Galaxy A56 Android smartphone. Announced Mar 2025. Features 6.7″  display, Exynos 1580 chipset, 5000 mAh battery, 256 GB storage, 12 GB RAM, Corning Gorilla Glass Victus+.",2026-02-18T17:46:18.674893+00:00
Galaxy A36,https://www.gsmarena.com/samsung_galaxy_a36-13497.php,Samsung,GSMArena,https://fdn2.gsmarena.com/vv/bigpic/samsung-galaxy-a36.jpg,"Samsung Galaxy A36 Android smartphone. Announced Mar 2025. Features 6.7″  display, Snapdragon 6 Gen 3 chipset, 5000 mAh battery, 256 GB storage, 12 GB RAM, Corning Gorilla Glass Victus+.",2026-02-18T17:46:18.674924+00:00
Galaxy A26,https://www.gsmarena.com/samsung_galaxy_a26-13679.php,Samsung,GSMArena,https://fdn2.gsmarena.com/vv/bigpic/samsung-galaxy-a26.jpg,"Samsung Galaxy A26 Android smartphone. Announced Mar 2025. Features 6.7″  display, Exynos 1380 chipset, 5000 mAh battery, 256 GB storage, 8 GB RAM, Corning Gorilla Glass Victus+.",2026-02-18T17:46:18.674957+00:00
Galaxy M16,https://www.gsmarena.com/samsung_galaxy_m16-13680.php,Samsung,GSMArena,https://fdn2.gsmarena.com/vv/bigpic/samsung-galaxy-m16-5g-.jpg,"Samsung Galaxy M16 Android smartphone. Announced Feb 2025. Features 6.7″  display, Dimensity 6300 chipset, 5000 mAh battery, 256 GB storage, 8 GB RAM.",2026-02-18T17:46:18.674987+00:00
Galaxy M06,https://www.gsmarena.com/samsung_galaxy_m06-13681.php,Samsung,GSMArena,https://fdn2.gsmarena.com/vv/bigpic/samsung-galaxy-m06-5g.jpg,"Samsung Galaxy M06 Android smartphone. Announced Feb 2025. Features 6.74″  display, Dimensity 6300 chipset, 5000 mAh battery, 128 GB storage, 6 GB RAM.",2026-02-18T17:46:18.675018+00:00
Galaxy A06 5G,https://www.gsmarena.com/samsung_galaxy_a06_5g-13662.php,Samsung,GSMArena,https://fdn2.gsmarena.com/vv/bigpic/samsung-galaxy-a06-5g.jpg,"Samsung Galaxy A06 5G Android smartphone. Announced Feb 2025. Features 6.7″  display, Dimensity 6300 chipset, 5000 mAh battery, 128 GB storage, 6 GB RAM.",2026-02-18T17:46:18.675048+00:00
Galaxy F06 5G,https://www.gsmarena.com/samsung_galaxy_f06_5g-13663.php,Samsung,GSMArena,https://fdn2.gsmarena.com/vv/bigpic/samsung-galaxy-f06-5g.jpg,"Samsung Galaxy F06 5G Android smartphone. Announced Feb 2025. Features 6.7″  display, Dimensity 6300 chipset, 5000 mAh battery, 128 GB storage, 6 GB RAM.",2026-02-18T17:46:18.675079+00:00
Galaxy S25 Ultra,https://www.gsmarena.com/samsung_galaxy_s25_ultra-13322.php,Samsung,GSMArena,https://fdn2.gsmarena.com/vv/bigpic/samsung-galaxy-s25-ultra-sm-s938.jpg,"Samsung Galaxy S25 Ultra Android smartphone. Announced Jan 2025. Features 6.9″  display, Snapdragon 8 Elite chipset, 5000 mAh battery, 1024 GB storage, 16 GB RAM, Corning Gorilla Armor 2.",2026-02-18T17:46:18.675109+00:00
Galaxy S25+,https://www.gsmarena.com/samsung_galaxy_s25+-13609.php,Samsung,GSMArena,https://fdn2.gsmarena.com/vv/bigpic/samsung-galaxy-s25-plus-sm-s936.jpg,"Samsung Galaxy S25+ Android smartphone. Announced Jan 2025. Features 6.7″  display, Snapdragon 8 Elite chipset, 4900 mAh battery, 512 GB storage, 12 GB RAM, Corning Gorilla Glass Victus 2.",2026-02-18T17:46:18.675141+00:00
Galaxy S25,https://www.gsmarena.com/samsung_galaxy_s25-13610.php,Samsung,GSMArena,https://fdn2.gsmarena.com/vv/bigpic/samsung-galaxy-s25-sm-s931.jpg,"Samsung Galaxy S25 Android smartphone. Announced Jan 2025. Features 6.2″  display, Snapdragon 8 Elite chipset, 4000 mAh battery, 512 GB storage, 12 GB RAM, Corning Gorilla Glass Victus 2.",2026-02-18T17:46:18.675172+00:00
Galaxy Z Fold Special,https://www.gsmarena.com/samsung_galaxy_z_fold_special-13452.php,Samsung,GSMArena,https://fdn2.gsmarena.com/vv/bigpic/samsung-galaxy-z-fold-special-edition.jpg,"Samsung Galaxy Z Fold Special Android smartphone. Announced Oct 2024. Features 8.0″  display, Snapdragon 8 Gen 3 chipset, 4400 mAh battery, 512 GB storage, 16 GB RAM.",2026-02-18T17:46:18.675202+00:00
Galaxy A16,https://www.gsmarena.com/samsung_galaxy_a16-13383.php,Samsung,GSMArena,https://fdn2.gsmarena.com/vv/bigpic/samsung-galaxy-a16-lte.jpg,"Samsung Galaxy A16 Android smartphone. Announced Oct 2024. Features 6.7″  display, Helio G99 chipset, 5000 mAh battery, 256 GB storage, 8 GB RAM.",2026-02-18T17:46:18.675233+00:00
Galaxy A16 5G,https://www.gsmarena.com/samsung_galaxy_a16_5g-13346.php,Samsung,GSMArena,https://fdn2.gsmarena.com/vv/bigpic/samsung-galaxy-a16-5g.jpg,"Samsung Galaxy A16 5G Android smartphone. Announced Oct 2024. Features 6.7″  display, Exynos 1330 or Dimensity 6300 chipset, 5000 mAh battery, 256 GB storage, 8 GB RAM.",2026-02-18T17:46:18.675264+00:00
Galaxy S24 FE,https://www.gsmarena.com/samsung_galaxy_s24_fe-13262.php,Samsung,GSMArena,https://fdn2.gsmarena.com/vv/bigpic/samsung-galaxy-s24-fe-r1.jpg,"Samsung Galaxy S24 FE Android smartphone. Announced Sep 2024. Features 6.7″  display, Exynos 2400e chipset, 4700 mAh battery, 512 GB storage, 8 GB RAM, Corning Gorilla Glass Victus+.",2026-02-18T17:46:18.675298+00:00
Galaxy Tab S10 Ultra,https://www.gsmarena.com/samsung_galaxy_tab_s10_ultra-13362.php,Samsung,GSMArena,https://fdn2.gsmarena.com/vv/bigpic/samsung-galaxy-tab-s10-ultra.jpg,"Samsung Galaxy Tab S10 Ultra Android tablet. Announced Sep 2024. Features 14.6″  display, Dimensity 9300+ chipset, 11200 mAh battery, 1024 GB storage, 16 GB RAM.",2026-02-18T17:46:18.675328+00:00
Galaxy Tab S10+,https://www.gsmarena.com/samsung_galaxy_tab_s10+-13363.php,Samsung,GSMArena,https://fdn2.gsmarena.com/vv/bigpic/samsung-galaxy-tab-s10-plus.jpg,"Samsung Galaxy Tab S10+ Android tablet. Announced Sep 2024. Features 12.4″  display, Dimensity 9300+ chipset, 10090 mAh battery, 512 GB storage, 12 GB RAM.",2026-02-18T17:46:18.675359+00:00
Galaxy M55s,https://www.gsmarena.com/samsung_galaxy_m55s-13354.php,Samsung,GSMArena,https://fdn2.gsmarena.com/vv/bigpic/samsung-galaxy-m55s.jpg,"Samsung Galaxy M55s Android smartphone. Announced Sep 2024. Features 6.7″  display, Snapdragon 7 Gen 1 chipset, 5000 mAh battery, 256 GB storage, 8 GB RAM.",2026-02-18T17:46:18.675390+00:00
Galaxy F05,https://www.gsmarena.com/samsung_galaxy_f05-13345.php,Samsung,GSMArena,https://fdn2.gsmarena.com/vv/bigpic/samsung-galaxy-f05.jpg,"Samsung Galaxy F05 Android smartphone. Announced Sep 2024. Features 6.7″  display, Helio G85 chipset, 5000 mAh battery, 64 GB storage, 4 GB RAM.",2026-02-18T17:46:18.675421+00:00
Galaxy M05,https://www.gsmarena.com/samsung_galaxy_m05-13327.php,Samsung,GSMArena,https://fdn2.gsmarena.com/vv/bigpic/samsung-galaxy-m05.jpg,"Samsung Galaxy M05 Android smartphone. Announced Sep 2024. Features 6.7″  display, Helio G85 chipset, 5000 mAh battery, 64 GB storage, 4 GB RAM.",2026-02-18T17:46:18.675451+00:00
Galaxy A06,https://www.gsmarena.com/samsung_galaxy_a06-13265.php,Samsung,GSMArena,https://fdn2.gsmarena.com/vv/bigpic/samsung-galaxy-a06-1.jpg,"Samsung Galaxy A06 Android smartphone. Announced Aug 2024. Features 6.7″  display, Helio G85 chipset, 5000 mAh battery, 128 GB storage, 6 GB RAM.",2026-02-18T17:46:23.216677+00:00
Galaxy F14 4G,https://www.gsmarena.com/samsung_galaxy_f14_4g-13247.php,Samsung,GSMArena,https://fdn2.gsmarena.com/vv/bigpic/samsung-galaxy-f14-4g.jpg,"Samsung Galaxy F14 4G Android smartphone. Announced Aug 2024. Features 6.7″  display, Snapdragon 680 4G chipset, 5000 mAh battery, 64 GB storage, 4 GB RAM.",2026-02-18T17:46:23.216720+00:00
Galaxy Z Fold6,https://www.gsmarena.com/samsung_galaxy_z_fold6-13147.php,Samsung,GSMArena,https://fdn2.gsmarena.com/vv/bigpic/samsung-galaxy-z-fold6.jpg,"Samsung Galaxy Z Fold6 Android smartphone. Announced Jul 2024. Features 7.6″  display, Snapdragon 8 Gen 3 chipset, 4400 mAh battery, 1024 GB storage, 12 GB RAM.",2026-02-18T17:46:23.216753+00:00
Galaxy Z Flip6,https://www.gsmarena.com/samsung_galaxy_z_flip6-13192.php,Samsung,GSMArena,https://fdn2.gsmarena.com/vv/bigpic/samsung-galaxy-z-flip6.jpg,"Samsung Galaxy Z Flip6 Android smartphone. Announced Jul 2024. Features 6.7″  display, Snapdragon 8 Gen 3 chipset, 4000 mAh battery, 512 GB storage, 12 GB RAM.",2026-02-18T17:46:23.216785+00:00
Galaxy Watch Ultra,https://www.gsmarena.com/samsung_galaxy_watch_ultra-13127.php,Samsung,GSMArena,https://fdn2.gsmarena.com/vv/bigpic/samsung-galaxy-watch-ultra.jpg,"Samsung Galaxy Watch Ultra Android watch. Announced Jul 2024. Features 1.5″  display, Exynos W1000 chipset, 590 mAh battery, 64 GB storage, 2 GB RAM, MIL-STD-810H compliant, Sapphire crystal glass.",2026-02-18T17:46:23.216816+00:00
Galaxy Watch7,https://www.gsmarena.com/samsung_galaxy_watch7-13128.php,Samsung,GSMArena,https://fdn2.gsmarena.com/vv/bigpic/samsung-galaxy-watch7.jpg,"Samsung Galaxy Watch7 Android watch. Announced Jul 2024. Features 1.5″  display, Exynos W1000 chipset, 425 mAh battery, 32 GB storage, 2 GB RAM, MIL-STD-810H compliant, Sapphire crystal.",2026-02-18T17:46:23.216850+00:00
Galaxy Watch FE,https://www.gsmarena.com/samsung_galaxy_watch_fe-13112.php,Samsung,GSMArena,https://fdn2.gsmarena.com/vv/bigpic/samsung-galaxy-watch-fe-r.jpg,"Samsung Galaxy Watch FE Android watch. Announced Jun 2024. Features 1.2″  display, Exynos W920 chipset, 247 mAh battery, 16 GB storage, 1.5 GB RAM, MIL-STD-810H compliant, Sapphire crystal glass.",2026-02-18T17:46:23.216881+00:00
Galaxy M35,https://www.gsmarena.com/samsung_galaxy_m35-13006.php,Samsung,GSMArena,https://fdn2.gsmarena.com/vv/bigpic/samsung-galaxy-m35-.jpg,"Samsung Galaxy M35 Android smartphone. Announced May 2024. Features 6.6″  display, Exynos 1380 chipset, 6000 mAh battery, 256 GB storage, 8 GB RAM, Corning Gorilla Glass Victus+.",2026-02-18T17:46:23.216913+00:00
Galaxy F55,https://www.gsmarena.com/samsung_galaxy_f55-12885.php,Samsung,GSMArena,https://fdn2.gsmarena.com/vv/bigpic/samsung-galaxy-f55.jpg,"Samsung Galaxy F55 Android smartphone. Announced May 2024. Features 6.7″  display, Snapdragon 7 Gen 1 chipset, 5000 mAh battery, 256 GB storage, 12 GB RAM.",2026-02-18T17:46:23.216944+00:00
Galaxy C55,https://www.gsmarena.com/samsung_galaxy_c55-12945.php,Samsung,GSMArena,https://fdn2.gsmarena.com/vv/bigpic/samsung-galaxy-c55.jpg,"Samsung Galaxy C55 Android smartphone. Announced Apr 2024. Features 6.7″  display, Snapdragon 7 Gen 1 chipset, 5000 mAh battery, 256 GB storage, 12 GB RAM.",2026-02-18T17:46:23.216976+00:00
Galaxy M55,https://www.gsmarena.com/samsung_galaxy_m55-12896.php,Samsung,GSMArena,https://fdn2.gsmarena.com/vv/bigpic/samsung-galaxy-m55.jpg,"Samsung Galaxy M55 Android smartphone. Announced Mar 2024. Features 6.7″  display, Snapdragon 7 Gen 1 chipset, 5000 mAh battery, 256 GB storage, 12 GB RAM.",2026-02-18T17:46:23.217007+00:00
Galaxy Tab S6 Lite (2024),https://www.gsmarena.com/samsung_galaxy_tab_s6_lite_(2024)-12897.php,Samsung,GSMArena,https://fdn2.gsmarena.com/vv/bigpic/samsung-galaxy-tab-s6-lite-2024.jpg,"Samsung Galaxy Tab S6 Lite (2024) Android tablet. Announced Mar 2024. Features 10.4″  display, Exynos 1280 chipset, 7040 mAh battery, 128 GB storage, 4 GB RAM.",2026-02-18T17:46:23.217042+00:00
Galaxy A55,https://www.gsmarena.com/samsung_galaxy_a55-12824.php,Samsung,GSMArena,https://fdn2.gsmarena.com/vv/bigpic/samsung-galaxy-a55.jpg,"Samsung Galaxy A55 Android smartphone. Announced Mar 2024. Features 6.6″  display, Exynos 1480 chipset, 5000 mAh battery, 256 GB storage, 12 GB RAM, Corning Gorilla Glass Victus+.",2026-02-18T17:46:23.217073+00:00
Galaxy A35,https://www.gsmarena.com/samsung_galaxy_a35-12705.php,Samsung,GSMArena,https://fdn2.gsmarena.com/vv/bigpic/samsung-galaxy-a35.jpg,"Samsung Galaxy A35 Android smartphone. Announced Mar 2024. Features 6.6″  display, Exynos 1380 chipset, 5000 mAh battery, 256 GB storage, 12 GB RAM, Corning Gorilla Glass Victus+.",2026-02-18T17:46:23.217106+00:00
Galaxy M15,https://www.gsmarena.com/samsung_galaxy_m15-12833.php,Samsung,GSMArena,https://fdn2.gsmarena.com/vv/bigpic/samsung-galaxy-m15.jpg,"Samsung Galaxy M15 Android smartphone. Announced Mar 2024. Features 6.5″  display, Dimensity 6100+ chipset, 6000 mAh battery, 256 GB storage, 8 GB RAM.",2026-02-18T17:46:23.217139+00:00
Galaxy M14 4G,https://www.gsmarena.com/samsung_galaxy_m14_4g-12862.php,Samsung,GSMArena,https://fdn2.gsmarena.com/vv/bigpic/samsung-galaxy-m14-4g.jpg,"Samsung Galaxy M14 4G Android smartphone. Announced Mar 2024. Features 6.7″  display, Snapdragon 680 4G chipset, 5000 mAh battery, 128 GB storage, 6 GB RAM.",2026-02-18T17:46:23.217174+00:00
Galaxy F15,https://www.gsmarena.com/samsung_galaxy_f15-12831.php,Samsung,GSMArena,https://fdn2.gsmarena.com/vv/bigpic/samsung-galaxy-f15-5g.jpg,"Samsung Galaxy F15 Android smartphone. Announced Mar 2024. Features 6.6″  display, Dimensity 6100+ chipset, 6000 mAh battery, 128 GB storage, 8 GB RAM.",2026-02-18T17:46:23.217206+00:00
Galaxy S24 Ultra,https://www.gsmarena.com/samsung_galaxy_s24_ultra-12771.php,Samsung,GSMArena,https://fdn2.gsmarena.com/vv/bigpic/samsung-galaxy-s24-ultra-5g-sm-s928-stylus.jpg,"Samsung Galaxy S24 Ultra Android smartphone. Announced Jan 2024. Features 6.8″  display, Snapdragon 8 Gen 3 chipset, 5000 mAh battery, 1024 GB storage, 12 GB RAM, Corning Gorilla Armor.",2026-02-18T17:46:23.217241+00:00
Galaxy S24+,https://www.gsmarena.com/samsung_galaxy_s24+-12772.php,Samsung,GSMArena,https://fdn2.gsmarena.com/vv/bigpic/samsung-galaxy-s24-plus-5g-sm-s926.jpg,"Samsung Galaxy S24+ Android smartphone. Announced Jan 2024. Features 6.7″  display, Snapdragon 8 Gen 3 chipset, 4900 mAh battery, 512 GB storage, 12 GB RAM, Corning Gorilla Glass Victus 2.",2026-02-18T17:46:23.217272+00:00
Galaxy S24,https://www.gsmarena.com/samsung_galaxy_s24-12773.php,Samsung,GSMArena,https://fdn2.gsmarena.com/vv/bigpic/samsung-galaxy-s24-5g-sm-s921.jpg,"Samsung Galaxy S24 Android smartphone. Announced Jan 2024. Features 6.2″  display, Snapdragon 8 Gen 3 chipset, 4000 mAh battery, 512 GB storage, 12 GB RAM, Corning Gorilla Glass Victus 2.",2026-02-18T17:46:23.217303+00:00
Galaxy XCover7,https://www.gsmarena.com/samsung_galaxy_xcover7-12784.php,Samsung,GSMArena,https://fdn2.gsmarena.com/vv/bigpic/samsung-galaxy-xcover7.jpg,"Samsung Galaxy XCover7 Android smartphone. Announced Jan 2024. Features 6.6″  display, Dimensity 6100+ chipset, 4050 mAh battery, 128 GB storage, 6 GB RAM, MIL-STD-810H compliant, Corning Gorilla Glass Victus+.",2026-02-18T17:46:23.217334+00:00
Galaxy Tab Active5,https://www.gsmarena.com/samsung_galaxy_tab_active5-12785.php,Samsung,GSMArena,https://fdn2.gsmarena.com/vv/bigpic/samsung-galaxy-tab-active5.jpg,"Samsung Galaxy Tab Active5 Android tablet. Announced Jan 2024. Features 8.0″  display, Exynos 1380 chipset, 5050 mAh battery, 256 GB storage, 8 GB RAM, MIL-STD-810H compliant, Corning Gorilla Glass 5.",2026-02-18T17:46:23.217365+00:00
Galaxy A25,https://www.gsmarena.com/samsung_galaxy_a25-12555.php,Samsung,GSMArena,https://fdn2.gsmarena.com/vv/bigpic/samsung-galaxy-a25.jpg,"Samsung Galaxy A25 Android smartphone. Announced Dec 2023. Features 6.5″  display, Exynos 1280 chipset, 5000 mAh battery, 256 GB storage, 8 GB RAM.",2026-02-18T17:46:23.217396+00:00
Galaxy A15 5G,https://www.gsmarena.com/samsung_galaxy_a15_5g-12638.php,Samsung,GSMArena,https://fdn2.gsmarena.com/vv/bigpic/samsung-galaxy-a15-5g-new.jpg,"Samsung Galaxy A15 5G Android smartphone. Announced Dec 2023. Features 6.5″  display, Dimensity 6100+ chipset, 5000 mAh battery, 256 GB storage, 8 GB RAM.",2026-02-18T17:46:23.217427+00:00
Galaxy A15,https://www.gsmarena.com/samsung_galaxy_a15-12637.php,Samsung,GSMArena,https://fdn2.gsmarena.com/vv/bigpic/samsung-galaxy-a15-lte-.jpg,"Samsung Galaxy A15 Android smartphone. Announced Dec 2023. Features 6.5″  display, Helio G99 chipset, 5000 mAh battery, 256 GB storage, 8 GB RAM.",2026-02-18T17:46:23.217458+00:00
Galaxy Tab A9+,https://www.gsmarena.com/samsung_galaxy_tab_a9+-12617.php,Samsung,GSMArena,https://fdn2.gsmarena.com/vv/bigpic/samsung-galaxy-tab-a9-plus.jpg,"Samsung Galaxy Tab A9+ Android tablet. Announced Oct 2023. Features 11.0″  display, Snapdragon 695 5G chipset, 7040 mAh battery, 256 GB storage, 8 GB RAM.",2026-02-18T17:46:23.217489+00:00
Galaxy Tab A9,https://www.gsmarena.com/samsung_galaxy_tab_a9-12616.php,Samsung,GSMArena,https://fdn2.gsmarena.com/vv/bigpic/samsung-galaxy-tab-a9.jpg,"Samsung Galaxy Tab A9 Android tablet. Announced Oct 2023. Features 8.7″  display, Helio G99 chipset, 5100 mAh battery, 128 GB storage, 8 GB RAM.",2026-02-18T17:46:23.217520+00:00
Galaxy S23 FE,https://www.gsmarena.com/samsung_galaxy_s23_fe-12520.php,Samsung,GSMArena,https://fdn2.gsmarena.com/vv/bigpic/samsung-galaxy-s23-fe.jpg,"Samsung Galaxy S23 FE Android smartphone. Announced Oct 2023. Features 6.4″  display, Exynos 2200 chipset, 4500 mAh battery, 256 GB storage, 8 GB RAM, Corning Gorilla Glass 5.",2026-02-18T17:46:23.217551+00:00
Galaxy Tab S9 FE+,https://www.gsmarena.com/samsung_galaxy_tab_s9_fe+-12609.php,Samsung,GSMArena,https://fdn2.gsmarena.com/vv/bigpic/samsung-galaxy-tab-s9-fe-plus-10-.jpg,"Samsung Galaxy Tab S9 FE+ Android tablet. Announced Oct 2023. Features 12.4″  display, Exynos 1380 chipset, 10090 mAh battery, 256 GB storage, 12 GB RAM.",2026-02-18T17:46:23.217582+00:00
Galaxy Tab S9 FE,https://www.gsmarena.com/samsung_galaxy_tab_s9_fe-12517.php,Samsung,GSMArena,https://fdn2.gsmarena.com/vv/bigpic/samsung-galaxy-tab-s9-fe-10-.jpg,"Samsung Galaxy Tab S9 FE Android tablet. Announced Oct 2023. Features 10.9″  display, Exynos 1380 chipset, 8000 mAh battery, 256 GB storage, 8 GB RAM.",2026-02-18T17:46:23.217613+00:00
Galaxy A05s,https://www.gsmarena.com/samsung_galaxy_a05s-12584.php,Samsung,GSMArena,https://fdn2.gsmarena.com/vv/bigpic/samsung-galaxy-a05s.jpg,"Samsung Galaxy A05s Android smartphone. Announced Sep 2023. Features 6.7″  display, Snapdragon 680 4G chipset, 5000 mAh battery, 128 GB storage, 6 GB RAM.",2026-02-18T17:46:23.217644+00:00
Galaxy A05,https://www.gsmarena.com/samsung_galaxy_a05-12583.php,Samsung,GSMArena,https://fdn2.gsmarena.com/vv/bigpic/samsung-galaxy-a05.jpg,"Samsung Galaxy A05 Android smartphone. Announced Sep 2023. Features 6.7″  display, Helio G85 chipset, 5000 mAh battery, 128 GB storage, 6 GB RAM.",2026-02-18T17:46:23.217676+00:00
Galaxy F34,https://www.gsmarena.com/samsung_galaxy_f34-12453.php,Samsung,GSMArena,https://fdn2.gsmarena.com/vv/bigpic/samsung-galaxy-f34.jpg,"Samsung Galaxy F34 Android smartphone. Announced Aug 2023. Features 6.5″  display, Exynos 1280 chipset, 6000 mAh battery, 128 GB storage, 8 GB RAM, Corning Gorilla Glass 5.",2026-02-18T17:46:23.217708+00:00
Galaxy Z Fold5,https://www.gsmarena.com/samsung_galaxy_z_fold5-12418.php,Samsung,GSMArena,https://fdn2.gsmarena.com/vv/bigpic/samsung-galaxy-z-fold5-5g.jpg,"Samsung Galaxy Z Fold5 Android smartphone. Announced Jul 2023. Features 7.6″  display, Snapdragon 8 Gen 2 chipset, 4400 mAh battery, 1024 GB storage, 12 GB RAM.",2026-02-18T17:46:23.217740+00:00
Galaxy Z Flip5,https://www.gsmarena.com/samsung_galaxy_z_flip5-12252.php,Samsung,GSMArena,https://fdn2.gsmarena.com/vv/bigpic/samsung-galaxy-z-flip5-5g.jpg,"Samsung Galaxy Z Flip5 Android smartphone. Announced Jul 2023. Features 6.7″  display, Snapdragon 8 Gen 2 chipset, 3700 mAh battery, 512 GB storage, 8 GB RAM.",2026-02-18T17:46:23.217771+00:00
Galaxy Tab S9 Ultra,https://www.gsmarena.com/samsung_galaxy_tab_s9_ultra-12217.php,Samsung,GSMArena,https://fdn2.gsmarena.com/vv/bigpic/samsung-galaxy-tab-s9-ultra-5g.jpg,"Samsung Galaxy Tab S9 Ultra Android tablet. Announced Jul 2023. Features 14.6″  display, Snapdragon 8 Gen 2 chipset, 11200 mAh battery, 1024 GB storage, 16 GB RAM, Corning Gorilla Glass.",2026-02-18T17:46:23.217804+00:00
Galaxy Tab S9+,https://www.gsmarena.com/samsung_galaxy_tab_s9+-12440.php,Samsung,GSMArena,https://fdn2.gsmarena.com/vv/bigpic/samsung-galaxy-tab-s9-plus-5g.jpg,"Samsung Galaxy Tab S9+ Android tablet. Announced Jul 2023. Features 12.4″  display, Snapdragon 8 Gen 2 chipset, 10090 mAh battery, 512 GB storage, 12 GB RAM, Corning Gorilla Glass.",2026-02-18T17:46:23.217835+00:00
Galaxy Tab S9,https://www.gsmarena.com/samsung_galaxy_tab_s9-12439.php,Samsung,GSMArena,https://fdn2.gsmarena.com/vv/bigpic/samsung-galaxy-tab-s9-5g.jpg,"Samsung Galaxy Tab S9 Android tablet. Announced Jul 2023. Features 11.0″  display, Snapdragon 8 Gen 2 chipset, 8400 mAh battery, 256 GB storage, 12 GB RAM, Corning Gorilla Glass.",2026-02-18T17:46:23.217868+00:00
Galaxy Watch6 Classic,https://www.gsmarena.com/samsung_galaxy_watch6_classic-12438.php,Samsung,GSMArena,https://fdn2.gsmarena.com/vv/bigpic/samsung-galaxy-watch6-classic.jpg,"Samsung Galaxy Watch6 Classic Android watch. Announced Jul 2023. Features 1.5″  display, Exynos W930 chipset, 425 mAh battery, 16 GB storage, 2 GB RAM, MIL-STD-810H compliant, Sapphire crystal.",2026-02-18T17:46:23.217900+00:00
Galaxy Watch6,https://www.gsmarena.com/samsung_galaxy_watch6-12437.php,Samsung,GSMArena,https://fdn2.gsmarena.com/vv/bigpic/samsung-galaxy-watch6.jpg,"Samsung Galaxy Watch6 Android watch. Announced Jul 2023. Features 1.5″  display, Exynos W930 chipset, 425 mAh battery, 16 GB storage, 2 GB RAM, MIL-STD-810H compliant, Sapphire crystal.",2026-02-18T17:46:23.217932+00:00
Galaxy M34 5G,https://www.gsmarena.com/samsung_galaxy_m34_5g-11290.php,Samsung,GSMArena,https://fdn2.gsmarena.com/vv/bigpic/samsung-galaxy-m34-5g.jpg,"Samsung Galaxy M34 5G Android smartphone. Announced Jul 2023. Features 6.5″  display, Exynos 1280 chipset, 6000 mAh battery, 256 GB storage, 8 GB RAM, Corning Gorilla Glass 5.",2026-02-18T17:46:23.217963+00:00
Galaxy F54,https://www.gsmarena.com/samsung_galaxy_f54-12239.php,Samsung,GSMArena,https://fdn2.gsmarena.com/vv/bigpic/samsung-galaxy-f54-5g.jpg,"Samsung Galaxy F54 Android smartphone. Announced Jun 2023. Features 6.7″  display, Exynos 1380 chipset, 6000 mAh battery, 256 GB storage, 8 GB RAM.",2026-02-18T17:46:23.217996+00:00
Galaxy A24 4G,https://www.gsmarena.com/samsung_galaxy_a24_4g-12176.php,Samsung,GSMArena,https://fdn2.gsmarena.com/vv/bigpic/samsung-galaxy-a24-4g-2.jpg,"Samsung Galaxy A24 4G Android smartphone. Announced Apr 2023. Features 6.5″  display, Helio G99 chipset, 5000 mAh battery, 128 GB storage, 8 GB RAM.",2026-02-18T17:46:23.218026+00:00
Galaxy F14,https://www.gsmarena.com/samsung_galaxy_f14-12175.php,Samsung,GSMArena,https://fdn2.gsmarena.com/vv/bigpic/samsung-galaxy-f14.jpg,"Samsung Galaxy F14 Android smartphone. Announced Mar 2023. Features 6.6″  display, Exynos 1330 chipset, 6000 mAh battery, 128 GB storage, 6 GB RAM, Corning Gorilla Glass 5.",2026-02-18T17:46:23.218058+00:00
Galaxy M54,https://www.gsmarena.com/samsung_galaxy_m54-12189.php,Samsung,GSMArena,https://fdn2.gsmarena.com/vv/bigpic/samsung-galaxy-m54-5g.jpg,"Samsung Galaxy M54 Android smartphone. Announced Mar 2023. Features 6.7″  display, Exynos 1380 chipset, 6000 mAh battery, 256 GB storage, 8 GB RAM, Corning Gorilla Glass 5.",2026-02-18T17:46:23.218090+00:00
Galaxy A54,https://www.gsmarena.com/samsung_galaxy_a54-12070.php,Samsung,GSMArena,https://fdn2.gsmarena.com/vv/bigpic/samsung-galaxy-a54.jpg,"Samsung Galaxy A54 Android smartphone. Announced Mar 2023. Features 6.4″  display, Exynos 1380 chipset, 5000 mAh battery, 256 GB storage, 8 GB RAM, Corning Gorilla Glass 5.",2026-02-18T17:46:23.218122+00:00
Galaxy A34,https://www.gsmarena.com/samsung_galaxy_a34-12074.php,Samsung,GSMArena,https://fdn2.gsmarena.com/vv/bigpic/samsung-galaxy-a34.jpg,"Samsung Galaxy A34 Android smartphone. Announced Mar 2023. Features 6.6″  display, Dimensity 1080 chipset, 5000 mAh battery, 256 GB storage, 8 GB RAM, Corning Gorilla Glass 5.",2026-02-18T17:46:23.218153+00:00
Galaxy M14,https://www.gsmarena.com/samsung_galaxy_m14-12160.php,Samsung,GSMArena,https://fdn2.gsmarena.com/vv/bigpic/samsung-galaxy-m14-5g-sm-m146.jpg,"Samsung Galaxy M14 Android smartphone. Announced Mar 2023. Features 6.6″  display, Exynos 1330 chipset, 6000 mAh battery, 128 GB storage, 6 GB RAM, Corning Gorilla Glass 5.",2026-02-18T17:46:23.218184+00:00
Galaxy S23 Ultra,https://www.gsmarena.com/samsung_galaxy_s23_ultra-12024.php,Samsung,GSMArena,https://fdn2.gsmarena.com/vv/bigpic/samsung-galaxy-s23-ultra-5g.jpg,"Samsung Galaxy S23 Ultra Android smartphone. Announced Feb 2023. Features 6.8″  display, Snapdragon 8 Gen 2 chipset, 5000 mAh battery, 1024 GB storage, 12 GB RAM, Corning Gorilla Glass Victus 2.",2026-02-18T17:46:23.218214+00:00
Galaxy S23+,https://www.gsmarena.com/samsung_galaxy_s23+-12083.php,Samsung,GSMArena,https://fdn2.gsmarena.com/vv/bigpic/samsung-galaxy-s23-plus-5g.jpg,"Samsung Galaxy S23+ Android smartphone. Announced Feb 2023. Features 6.6″  display, Snapdragon 8 Gen 2 chipset, 4700 mAh battery, 512 GB storage, 8 GB RAM, Corning Gorilla Glass Victus 2.",2026-02-18T17:46:23.218245+00:00
Galaxy S23,https://www.gsmarena.com/samsung_galaxy_s23-12082.php,Samsung,GSMArena,https://fdn2.gsmarena.com/vv/bigpic/samsung-galaxy-s23-5g.jpg,"Samsung Galaxy S23 Android smartphone. Announced Feb 2023. Features 6.1″  display, Snapdragon 8 Gen 2 chipset, 3900 mAh battery, 512 GB storage, 8 GB RAM, Corning Gorilla Glass Victus 2.",2026-02-18T17:46:27.161853+00:00
Galaxy A14,https://www.gsmarena.com/samsung_galaxy_a14-12151.php,Samsung,GSMArena,https://fdn2.gsmarena.com/vv/bigpic/samsung-galaxy-a14-4g.jpg,"Samsung Galaxy A14 Android smartphone. Announced Feb 2023. Features 6.6″  display, MT6769 Helio G80 chipset, 5000 mAh battery, 128 GB storage, 8 GB RAM.",2026-02-18T17:46:27.161894+00:00
Galaxy A14 5G,https://www.gsmarena.com/samsung_galaxy_a14_5g-12004.php,Samsung,GSMArena,https://fdn2.gsmarena.com/vv/bigpic/samsung-galaxy-a14-5g.jpg,"Samsung Galaxy A14 5G Android smartphone. Announced Jan 2023. Features 6.6″  display, Exynos 1330 chipset, 5000 mAh battery, 128 GB storage, 8 GB RAM.",2026-02-18T17:46:27.161926+00:00
Galaxy F04,https://www.gsmarena.com/samsung_galaxy_f04-12054.php,Samsung,GSMArena,https://fdn2.gsmarena.com/vv/bigpic/samsung-galaxy-f04-new.jpg,"Samsung Galaxy F04 Android smartphone. Announced Jan 2023. Features 6.5″  display, MT6765 Helio P35 chipset, 5000 mAh battery, 64 GB storage, 4 GB RAM.",2026-02-18T17:46:27.161958+00:00
Galaxy M04,https://www.gsmarena.com/samsung_galaxy_m04-12022.php,Samsung,GSMArena,https://fdn2.gsmarena.com/vv/bigpic/samsung-galaxy-m04-.jpg,"Samsung Galaxy M04 Android smartphone. Announced Dec 2022. Features 6.5″  display, MT6765 Helio P35 chipset, 5000 mAh battery, 128 GB storage, 4 GB RAM.",2026-02-18T17:46:27.161991+00:00
Galaxy Tab A7 10.4 (2022),https://www.gsmarena.com/samsung_galaxy_tab_a7_10_4_(2022)-11988.php,Samsung,GSMArena,https://fdn2.gsmarena.com/vv/bigpic/samsung-galaxy-tab-a7-104-2020.jpg,"Samsung Galaxy Tab A7 10.4 (2022) Android tablet. Announced Nov 2022. Features 10.4″  display, Unisoc UMS512 T618 chipset, 7040 mAh battery, 64 GB storage, 4 GB RAM.",2026-02-18T17:46:27.162023+00:00
Galaxy A04e,https://www.gsmarena.com/samsung_galaxy_a04e-11945.php,Samsung,GSMArena,https://fdn2.gsmarena.com/vv/bigpic/samsung-galaxy-a04e.jpg,"Samsung Galaxy A04e Android smartphone. Announced Oct 2022. Features 6.5″  display, MT6765 Helio P35 chipset, 5000 mAh battery, 128 GB storage, 4 GB RAM.",2026-02-18T17:46:27.162054+00:00
Galaxy Tab Active4 Pro,https://www.gsmarena.com/samsung_galaxy_tab_active4_pro-11840.php,Samsung,GSMArena,https://fdn2.gsmarena.com/vv/bigpic/samsung-galaxy-tab-active4-pro.jpg,"Samsung Galaxy Tab Active4 Pro Android tablet. Announced Aug 2022. Features 10.1″  display, Snapdragon 778G 5G chipset, 7600 mAh battery, 128 GB storage, 4 GB RAM, MIL-STD-810H compliant, Corning Gorilla Glass 5.",2026-02-18T17:46:27.162086+00:00
Galaxy A04s,https://www.gsmarena.com/samsung_galaxy_a04s-11803.php,Samsung,GSMArena,https://fdn2.gsmarena.com/vv/bigpic/samsung-galaxy-a04s.jpg,"Samsung Galaxy A04s Android smartphone. Announced Aug 2022. Features 6.5″  display, Exynos 850 chipset, 5000 mAh battery, 128 GB storage, 4 GB RAM.",2026-02-18T17:46:27.162117+00:00
Galaxy A04,https://www.gsmarena.com/samsung_galaxy_a04-11817.php,Samsung,GSMArena,https://fdn2.gsmarena.com/vv/bigpic/samsung-galaxy-a04.jpg,"Samsung Galaxy A04 Android smartphone. Announced Aug 2022. Features 6.5″  display, MT6765 Helio P35 chipset, 5000 mAh battery, 128 GB storage, 8 GB RAM.",2026-02-18T17:46:27.162149+00:00
Galaxy Z Fold4,https://www.gsmarena.com/samsung_galaxy_z_fold4-11737.php,Samsung,GSMArena,https://fdn2.gsmarena.com/vv/bigpic/samsung-galaxy-z-fold4.jpg,"Samsung Galaxy Z Fold4 Android smartphone. Announced Aug 2022. Features 7.6″  display, Snapdragon 8+ Gen 1 chipset, 4400 mAh battery, 1024 GB storage, 12 GB RAM.",2026-02-18T17:46:27.162180+00:00
Galaxy Z Flip4,https://www.gsmarena.com/samsung_galaxy_z_flip4-11538.php,Samsung,GSMArena,https://fdn2.gsmarena.com/vv/bigpic/samsung-galaxy-z-flip4-5g.jpg,"Samsung Galaxy Z Flip4 Android smartphone. Announced Aug 2022. Features 6.7″  display, Snapdragon 8+ Gen 1 chipset, 3700 mAh battery, 512 GB storage, 8 GB RAM.",2026-02-18T17:46:27.162211+00:00
Galaxy Watch5 Pro,https://www.gsmarena.com/samsung_galaxy_watch5_pro-11749.php,Samsung,GSMArena,https://fdn2.gsmarena.com/vv/bigpic/samsung-galaxy-watch5pro.jpg,"Samsung Galaxy Watch5 Pro Android watch. Announced Aug 2022. Features 1.4″  display, Exynos W920 chipset, 590 mAh battery, 16 GB storage, 1.5 GB RAM, MIL-STD-810H compliant, Sapphire crystal.",2026-02-18T17:46:27.162242+00:00
Galaxy Watch5,https://www.gsmarena.com/samsung_galaxy_watch5-11748.php,Samsung,GSMArena,https://fdn2.gsmarena.com/vv/bigpic/samsung-galaxy-watch5.jpg,"Samsung Galaxy Watch5 Android watch. Announced Aug 2022. Features 1.4″  display, Exynos W920 chipset, 410 mAh battery, 16 GB storage, 1.5 GB RAM, MIL-STD-810H compliant, Sapphire crystal.",2026-02-18T17:46:27.162272+00:00
Galaxy A23 5G,https://www.gsmarena.com/samsung_galaxy_a23_5g-11736.php,Samsung,GSMArena,https://fdn2.gsmarena.com/vv/bigpic/samsung-galaxy-a23-5g.jpg,"Samsung Galaxy A23 5G Android smartphone. Announced Aug 2022. Features 6.6″  display, Snapdragon 695 5G chipset, 5000 mAh battery, 128 GB storage, 8 GB RAM, Corning Gorilla Glass 5.",2026-02-18T17:46:27.162303+00:00
Galaxy M13 5G,https://www.gsmarena.com/samsung_galaxy_m13_5g-11633.php,Samsung,GSMArena,https://fdn2.gsmarena.com/vv/bigpic/samsung-galaxy-m13-5g.jpg,"Samsung Galaxy M13 5G Android smartphone. Announced Jul 2022. Features 6.5″  display, Dimensity 700 chipset, 5000 mAh battery, 128 GB storage, 6 GB RAM, Corning Gorilla Glass 3.",2026-02-18T17:46:27.162336+00:00
Galaxy M13 (India),https://www.gsmarena.com/samsung_galaxy_m13_(india)-11654.php,Samsung,GSMArena,https://fdn2.gsmarena.com/vv/bigpic/samsung-galaxy-m13-4g-india.jpg,"Samsung Galaxy M13 (India) Android smartphone. Announced Jul 2022. Features 6.6″  display, Exynos 850 chipset, 6000 mAh battery, 128 GB storage, 6 GB RAM, Corning Gorilla Glass 5.",2026-02-18T17:46:27.162366+00:00
Galaxy A13 (SM-A137),https://www.gsmarena.com/samsung_galaxy_a13_(sm_a137)-11665.php,Samsung,GSMArena,https://fdn2.gsmarena.com/vv/bigpic/samsung-galaxy-a13-a137.jpg,"Samsung Galaxy A13 (SM-A137) Android smartphone. Announced Jun 2022. Features 6.6″  display, MT6769V chipset, 5000 mAh battery, 128 GB storage, 4 GB RAM, Corning Gorilla Glass 5.",2026-02-18T17:46:27.162397+00:00
Galaxy XCover6 Pro,https://www.gsmarena.com/samsung_galaxy_xcover6_pro-11600.php,Samsung,GSMArena,https://fdn2.gsmarena.com/vv/bigpic/samsung-galaxy-xcover6-pro-r.jpg,"Samsung Galaxy XCover6 Pro Android smartphone. Announced Jun 2022. Features 6.6″  display, Snapdragon 778G 5G chipset, 4050 mAh battery, 128 GB storage, 6 GB RAM, MIL-STD-810H compliant, Corning Gorilla Glass Victus+.",2026-02-18T17:46:27.162427+00:00
Galaxy F13,https://www.gsmarena.com/samsung_galaxy_f13-11624.php,Samsung,GSMArena,https://fdn2.gsmarena.com/vv/bigpic/samsung-galaxy-f13.jpg,"Samsung Galaxy F13 Android smartphone. Announced Jun 2022. Features 6.6″  display, Exynos 850 chipset, 6000 mAh battery, 128 GB storage, 6 GB RAM, Corning Gorilla Glass 5.",2026-02-18T17:46:27.162458+00:00
Galaxy M13,https://www.gsmarena.com/samsung_galaxy_m13-11564.php,Samsung,GSMArena,https://fdn2.gsmarena.com/vv/bigpic/samsung-galaxy-m13.jpg,"Samsung Galaxy M13 Android smartphone. Announced May 2022. Features 6.6″  display, Exynos 850 chipset, 5000 mAh battery, 128 GB storage, 4 GB RAM.",2026-02-18T17:46:27.162492+00:00
Galaxy Tab S6 Lite (2022),https://www.gsmarena.com/samsung_galaxy_tab_s6_lite_(2022)-11524.php,Samsung,GSMArena,https://fdn2.gsmarena.com/vv/bigpic/galaxy-tab-s6-lite-2022-lte-sm-p619-.jpg,"Samsung Galaxy Tab S6 Lite (2022) Android tablet. Announced May 2022. Features 10.4″  display, Snapdragon 732G chipset, 7040 mAh battery, 128 GB storage, 4 GB RAM.",2026-02-18T17:46:27.162523+00:00
Galaxy M53,https://www.gsmarena.com/samsung_galaxy_m53-11439.php,Samsung,GSMArena,https://fdn2.gsmarena.com/vv/bigpic/samsung-galaxy-m53-5g.jpg,"Samsung Galaxy M53 Android smartphone. Announced Apr 2022. Features 6.7″  display, Dimensity 900 chipset, 5000 mAh battery, 256 GB storage, 8 GB RAM, Corning Gorilla Glass 5.",2026-02-18T17:46:27.162554+00:00
Galaxy S20 FE 2022,https://www.gsmarena.com/samsung_galaxy_s20_fe_2022-11459.php,Samsung,GSMArena,https://fdn2.gsmarena.com/vv/bigpic/samsung-galaxy-s20-fe-5g.jpg,"Samsung Galaxy S20 FE 2022 Android smartphone. Announced Apr 2022. Features 6.5″  display, Snapdragon 865 5G chipset, 4500 mAh battery, 128 GB storage, 6 GB RAM, Corning Gorilla Glass 3.",2026-02-18T17:46:27.162585+00:00
Galaxy A73 5G,https://www.gsmarena.com/samsung_galaxy_a73_5g-11257.php,Samsung,GSMArena,https://fdn2.gsmarena.com/vv/bigpic/samsung-galaxy-a73-5g.jpg,"Samsung Galaxy A73 5G Android smartphone. Announced Mar 2022. Features 6.7″  display, Snapdragon 778G 5G chipset, 5000 mAh battery, 256 GB storage, 8 GB RAM, Corning Gorilla Glass 5.",2026-02-18T17:46:27.162616+00:00
Galaxy A53 5G,https://www.gsmarena.com/samsung_galaxy_a53_5g-11268.php,Samsung,GSMArena,https://fdn2.gsmarena.com/vv/bigpic/samsung-galaxy-a53-5g-.jpg,"Samsung Galaxy A53 5G Android smartphone. Announced Mar 2022. Features 6.5″  display, Exynos 1280 chipset, 5000 mAh battery, 256 GB storage, 8 GB RAM, Corning Gorilla Glass 5.",2026-02-18T17:46:27.162649+00:00
Galaxy A33 5G,https://www.gsmarena.com/samsung_galaxy_a33_5g-11429.php,Samsung,GSMArena,https://fdn2.gsmarena.com/vv/bigpic/samsung-galaxy-a33-5g.jpg,"Samsung Galaxy A33 5G Android smartphone. Announced Mar 2022. Features 6.4″  display, Exynos 1280 chipset, 5000 mAh battery, 256 GB storage, 8 GB RAM, Corning Gorilla Glass 5.",2026-02-18T17:46:27.162680+00:00
Galaxy F23,https://www.gsmarena.com/samsung_galaxy_f23-11406.php,Samsung,GSMArena,https://fdn2.gsmarena.com/vv/bigpic/samsung-galaxy-m23.jpg,"Samsung Galaxy F23 Android smartphone. Announced Mar 2022. Features 6.6″  display, Snapdragon 750G 5G chipset, 5000 mAh battery, 128 GB storage, 6 GB RAM, Corning Gorilla Glass 5.",2026-02-18T17:46:27.162711+00:00
Galaxy M33,https://www.gsmarena.com/samsung_galaxy_m33-11404.php,Samsung,GSMArena,https://fdn2.gsmarena.com/vv/bigpic/samsung-galaxy-m33.jpg,"Samsung Galaxy M33 Android smartphone. Announced Mar 2022. Features 6.6″  display, Exynos 1280 chipset, 6000 mAh battery, 128 GB storage, 8 GB RAM, Corning Gorilla Glass 5.",2026-02-18T17:46:27.162747+00:00
Galaxy M23,https://www.gsmarena.com/samsung_galaxy_m23-11403.php,Samsung,GSMArena,https://fdn2.gsmarena.com/vv/bigpic/samsung-galaxy-m23.jpg,"Samsung Galaxy M23 Android smartphone. Announced Mar 2022. Features 6.6″  display, Snapdragon 750G 5G chipset, 5000 mAh battery, 128 GB storage, 6 GB RAM.",2026-02-18T17:46:27.162777+00:00
Galaxy A23,https://www.gsmarena.com/samsung_galaxy_a23-11373.php,Samsung,GSMArena,https://fdn2.gsmarena.com/vv/bigpic/samsung-galaxy-a23.jpg,"Samsung Galaxy A23 Android smartphone. Announced Mar 2022. Features 6.6″  display, Snapdragon 680 4G chipset, 5000 mAh battery, 128 GB storage, 8 GB RAM, Corning Gorilla Glass 5.",2026-02-18T17:46:27.162808+00:00
Galaxy A13,https://www.gsmarena.com/samsung_galaxy_a13-11402.php,Samsung,GSMArena,https://fdn2.gsmarena.com/vv/bigpic/samsung-galaxy-a13.jpg,"Samsung Galaxy A13 Android smartphone. Announced Mar 2022. Features 6.6″  display, Exynos 850 chipset, 5000 mAh battery, 128 GB storage, 6 GB RAM, Corning Gorilla Glass 5.",2026-02-18T17:46:27.162839+00:00
Galaxy S22 Ultra 5G,https://www.gsmarena.com/samsung_galaxy_s22_ultra_5g-11251.php,Samsung,GSMArena,https://fdn2.gsmarena.com/vv/bigpic/samsung-galaxy-s22-ultra-5g.jpg,"Samsung Galaxy S22 Ultra 5G Android smartphone. Announced Feb 2022. Features 6.8″  display, Exynos 2200 chipset, 5000 mAh battery, 1024 GB storage, 12 GB RAM, Corning Gorilla Glass Victus+.",2026-02-18T17:46:27.162869+00:00
Galaxy S22+ 5G,https://www.gsmarena.com/samsung_galaxy_s22+_5g-11252.php,Samsung,GSMArena,https://fdn2.gsmarena.com/vv/bigpic/samsung-galaxy-s22-plus-5g.jpg,"Samsung Galaxy S22+ 5G Android smartphone. Announced Feb 2022. Features 6.6″  display, Exynos 2200 chipset, 4500 mAh battery, 256 GB storage, 8 GB RAM, Corning Gorilla Glass Victus+.",2026-02-18T17:46:27.162900+00:00
Galaxy S22 5G,https://www.gsmarena.com/samsung_galaxy_s22_5g-11253.php,Samsung,GSMArena,https://fdn2.gsmarena.com/vv/bigpic/samsung-galaxy-s22-5g.jpg,"Samsung Galaxy S22 5G Android smartphone. Announced Feb 2022. Features 6.1″  display, Exynos 2200 chipset, 3700 mAh battery, 256 GB storage, 8 GB RAM, Corning Gorilla Glass Victus+.",2026-02-18T17:46:27.162931+00:00
Galaxy Tab S8 Ultra,https://www.gsmarena.com/samsung_galaxy_tab_s8_ultra-11274.php,Samsung,GSMArena,https://fdn2.gsmarena.com/vv/bigpic/samsung-galaxy-tab-s8-ultra.jpg,"Samsung Galaxy Tab S8 Ultra Android tablet. Announced Feb 2022. Features 14.6″  display, Snapdragon 8 Gen 1 chipset, 11200 mAh battery, 512 GB storage, 16 GB RAM, Corning Gorilla Glass 5.",2026-02-18T17:46:27.162963+00:00
Galaxy Tab S8+,https://www.gsmarena.com/samsung_galaxy_tab_s8+-11342.php,Samsung,GSMArena,https://fdn2.gsmarena.com/vv/bigpic/samsung-galaxy-tab-s8-plus.jpg,"Samsung Galaxy Tab S8+ Android tablet. Announced Feb 2022. Features 12.4″  display, Snapdragon 8 Gen 1 chipset, 10090 mAh battery, 512 GB storage, 16 GB RAM, Corning Gorilla Glass 5.",2026-02-18T17:46:27.162994+00:00
Galaxy Tab S8,https://www.gsmarena.com/samsung_galaxy_tab_s8-11343.php,Samsung,GSMArena,https://fdn2.gsmarena.com/vv/bigpic/samsung-galaxy-tab-s8.jpg,"Samsung Galaxy Tab S8 Android tablet. Announced Feb 2022. Features 11.0″  display, Snapdragon 8 Gen 1 chipset, 8000 mAh battery, 256 GB storage, 12 GB RAM, Corning Gorilla Glass 5.",2026-02-18T17:46:27.163024+00:00
Galaxy S21 FE 5G,https://www.gsmarena.com/samsung_galaxy_s21_fe_5g-10954.php,Samsung,GSMArena,https://fdn2.gsmarena.com/vv/bigpic/samsung-galaxy-s21-fe-5g.jpg,"Samsung Galaxy S21 FE 5G Android smartphone. Announced Jan 2022. Features 6.4″  display, Snapdragon 888 5G chipset, 4500 mAh battery, 256 GB storage, 8 GB RAM, Corning Gorilla Glass Victus.",2026-02-18T17:46:27.163055+00:00
Galaxy Tab A8 10.5 (2021),https://www.gsmarena.com/samsung_galaxy_tab_a8_10_5_(2021)-11265.php,Samsung,GSMArena,https://fdn2.gsmarena.com/vv/bigpic/samsung-galaxy-tab-a8-105-2021-new.jpg,"Samsung Galaxy Tab A8 10.5 (2021) Android tablet. Announced Dec 2021. Features 10.5″  display, Unisoc Tiger T618 chipset, 7040 mAh battery, 128 GB storage, 4 GB RAM.",2026-02-18T17:46:27.163087+00:00
Galaxy A13 5G,https://www.gsmarena.com/samsung_galaxy_a13_5g-11149.php,Samsung,GSMArena,https://fdn2.gsmarena.com/vv/bigpic/samsung-galaxy-a13-5g-.jpg,"Samsung Galaxy A13 5G Android smartphone. Announced Dec 2021. Features 6.5″  display, Dimensity 700 chipset, 5000 mAh battery, 128 GB storage, 6 GB RAM.",2026-02-18T17:46:27.163118+00:00
Galaxy A03,https://www.gsmarena.com/samsung_galaxy_a03-11244.php,Samsung,GSMArena,https://fdn2.gsmarena.com/vv/bigpic/samsung-galaxy-a03.jpg,"Samsung Galaxy A03 Android smartphone. Announced Nov 2021. Features 6.5″  display, Unisoc T606 chipset, 5000 mAh battery, 128 GB storage, 4 GB RAM.",2026-02-18T17:46:27.163149+00:00
Galaxy A03 Core,https://www.gsmarena.com/samsung_galaxy_a03_core-11215.php,Samsung,GSMArena,https://fdn2.gsmarena.com/vv/bigpic/samsung-galaxy-a03-core.jpg,"Samsung Galaxy A03 Core Android smartphone. Announced Nov 2021. Features 6.5″  display, Unisoc SC9863A chipset, 5000 mAh battery, 32 GB storage, 2 GB RAM.",2026-02-18T17:46:27.163180+00:00
Galaxy F42 5G,https://www.gsmarena.com/samsung_galaxy_f42_5g-11124.php,Samsung,GSMArena,https://fdn2.gsmarena.com/vv/bigpic/samsung-galaxy-f42-5g.jpg,"Samsung Galaxy F42 5G Android smartphone. Announced Sep 2021. Features 6.6″  display, Dimensity 700 chipset, 5000 mAh battery, 128 GB storage, 8 GB RAM.",2026-02-18T17:46:27.163211+00:00
Galaxy M52 5G,https://www.gsmarena.com/samsung_galaxy_m52_5g-11110.php,Samsung,GSMArena,https://fdn2.gsmarena.com/vv/bigpic/samsung-galaxy-m32-5g-.jpg,"Samsung Galaxy M52 5G Android smartphone. Announced Sep 2021. Features 6.7″  display, Snapdragon 778G 5G chipset, 5000 mAh battery, 128 GB storage, 8 GB RAM, Corning Gorilla Glass 5.",2026-02-18T17:46:27.163242+00:00
Galaxy M22,https://www.gsmarena.com/samsung_galaxy_m22-11011.php,Samsung,GSMArena,https://fdn2.gsmarena.com/vv/bigpic/samsung-galaxy-m22-.jpg,"Samsung Galaxy M22 Android smartphone. Announced Sep 2021. Features 6.4″  display, MT6769V chipset, 5000 mAh battery, 128 GB storage, 6 GB RAM.",2026-02-18T17:46:27.163273+00:00
Galaxy M32 5G,https://www.gsmarena.com/samsung_galaxy_m32_5g-11062.php,Samsung,GSMArena,https://fdn2.gsmarena.com/vv/bigpic/samsung-galaxy-m32-5g-new.jpg,"Samsung Galaxy M32 5G Android smartphone. Announced Aug 2021. Features 6.5″  display, Dimensity 720 chipset, 5000 mAh battery, 128 GB storage, 8 GB RAM.",2026-02-18T17:46:27.163303+00:00
Galaxy A03s,https://www.gsmarena.com/samsung_galaxy_a03s-10937.php,Samsung,GSMArena,https://fdn2.gsmarena.com/vv/bigpic/samsung-galaxy-a03s.jpg,"Samsung Galaxy A03s Android smartphone. Announced Aug 2021. Features 6.5″  display, MT6765 Helio P35 chipset, 5000 mAh battery, 64 GB storage, 4 GB RAM.",2026-02-18T17:46:27.163334+00:00
Galaxy A52s 5G,https://www.gsmarena.com/samsung_galaxy_a52s_5g-11039.php,Samsung,GSMArena,https://fdn2.gsmarena.com/vv/bigpic/samsung-galaxy-a52s-5g.jpg,"Samsung Galaxy A52s 5G Android smartphone. Announced Aug 2021. Features 6.5″  display, Snapdragon 778G 5G chipset, 4500 mAh battery, 256 GB storage, 8 GB RAM, Corning Gorilla Glass 5.",2026-02-18T17:46:27.163365+00:00
Galaxy Z Fold3 5G,https://www.gsmarena.com/samsung_galaxy_z_fold3_5g-10906.php,Samsung,GSMArena,https://fdn2.gsmarena.com/vv/bigpic/samsung-galaxy-z-fold3-5g.jpg,"Samsung Galaxy Z Fold3 5G Android smartphone. Announced Aug 2021. Features 7.6″  display, Snapdragon 888 5G chipset, 4400 mAh battery, 512 GB storage, 12 GB RAM.",2026-02-18T17:46:27.163395+00:00
Galaxy Z Flip3 5G,https://www.gsmarena.com/samsung_galaxy_z_flip3_5g-11044.php,Samsung,GSMArena,https://fdn2.gsmarena.com/vv/bigpic/samsung-galaxy-z-flip3-5g.jpg,"Samsung Galaxy Z Flip3 5G Android smartphone. Announced Aug 2021. Features 6.7″  display, Snapdragon 888 5G chipset, 3300 mAh battery, 256 GB storage, 8 GB RAM.",2026-02-18T17:46:30.867493+00:00
Galaxy Watch4 Classic,https://www.gsmarena.com/samsung_galaxy_watch4_classic-11046.php,Samsung,GSMArena,https://fdn2.gsmarena.com/vv/bigpic/samsung-galaxy-watch4-classic.jpg,"Samsung Galaxy Watch4 Classic Android watch. Announced Aug 2021. Features 1.4″  display, Exynos W920 chipset, 361 mAh battery, 16 GB storage, 1.5 GB RAM, MIL-STD-810G compliant, Corning Gorilla Glass DX.",2026-02-18T17:46:30.867534+00:00
Galaxy Watch4,https://www.gsmarena.com/samsung_galaxy_watch4-11045.php,Samsung,GSMArena,https://fdn2.gsmarena.com/vv/bigpic/samsung-galaxy-watch4.jpg,"Samsung Galaxy Watch4 Android watch. Announced Aug 2021. Features 1.4″  display, Exynos W920 chipset, 361 mAh battery, 16 GB storage, 1.5 GB RAM, MIL-STD-810G compliant, Corning Gorilla Glass DX+.",2026-02-18T17:46:30.867567+00:00
Galaxy A12 (India),https://www.gsmarena.com/samsung_galaxy_a12_(india)-11087.php,Samsung,GSMArena,https://fdn2.gsmarena.com/vv/bigpic/samsung-galaxy-a12-sm-a125.jpg,"Samsung Galaxy A12 (India) Android smartphone. Announced Aug 2021. Features 6.5″  display, Exynos 850 chipset, 5000 mAh battery, 128 GB storage, 6 GB RAM.",2026-02-18T17:46:30.867599+00:00
Galaxy A12 Nacho,https://www.gsmarena.com/samsung_galaxy_a12_nacho-11041.php,Samsung,GSMArena,https://fdn2.gsmarena.com/vv/bigpic/samsung-galaxy-a12-nacho.jpg,"Samsung Galaxy A12 Nacho Android smartphone. Announced Aug 2021. Features 6.5″  display, Exynos 850 chipset, 5000 mAh battery, 128 GB storage, 4 GB RAM.",2026-02-18T17:46:30.867631+00:00
Galaxy M21 2021,https://www.gsmarena.com/samsung_galaxy_m21_2021-11015.php,Samsung,GSMArena,https://fdn2.gsmarena.com/vv/bigpic/samsung-galaxy-m21-2021.jpg,"Samsung Galaxy M21 2021 Android smartphone. Announced Jul 2021. Features 6.4″  display, Exynos 9611 chipset, 6000 mAh battery, 128 GB storage, 6 GB RAM.",2026-02-18T17:46:30.867664+00:00
Galaxy F22,https://www.gsmarena.com/samsung_galaxy_f22-10996.php,Samsung,GSMArena,https://fdn2.gsmarena.com/vv/bigpic/samsung-galaxy-f22.jpg,"Samsung Galaxy F22 Android smartphone. Announced Jul 2021. Features 6.4″  display, MT6769V chipset, 6000 mAh battery, 128 GB storage, 6 GB RAM.",2026-02-18T17:46:30.867695+00:00
Galaxy M32,https://www.gsmarena.com/samsung_galaxy_m32-10887.php,Samsung,GSMArena,https://fdn2.gsmarena.com/vv/bigpic/samsung-galaxy-m32.jpg,"Samsung Galaxy M32 Android smartphone. Announced Jun 2021. Features 6.4″  display, MT6769V chipset, 6000 mAh battery, 128 GB storage, 8 GB RAM, Corning Gorilla Glass 5.",2026-02-18T17:46:30.867727+00:00
Galaxy A22 5G,https://www.gsmarena.com/samsung_galaxy_a22_5g-10873.php,Samsung,GSMArena,https://fdn2.gsmarena.com/vv/bigpic/samsung-galaxy-a22-5g.jpg,"Samsung Galaxy A22 5G Android smartphone. Announced Jun 2021. Features 6.6″  display, Dimensity 700 chipset, 5000 mAh battery, 128 GB storage, 8 GB RAM.",2026-02-18T17:46:30.867758+00:00
Galaxy A22,https://www.gsmarena.com/samsung_galaxy_a22-10948.php,Samsung,GSMArena,https://fdn2.gsmarena.com/vv/bigpic/samsung-galaxy-a22.jpg,"Samsung Galaxy A22 Android smartphone. Announced Jun 2021. Features 6.4″  display, MT6769V chipset, 5000 mAh battery, 128 GB storage, 6 GB RAM.",2026-02-18T17:46:30.867789+00:00
Galaxy Tab A7 Lite,https://www.gsmarena.com/samsung_galaxy_tab_a7_lite-10933.php,Samsung,GSMArena,https://fdn2.gsmarena.com/vv/bigpic/samsung-galaxy-tab-a7-lite.jpg,"Samsung Galaxy Tab A7 Lite Android tablet. Announced May 2021. Features 8.7″  display, MT8768T Helio P22T chipset, 5100 mAh battery, 64 GB storage, 4 GB RAM.",2026-02-18T17:46:30.867821+00:00
Galaxy Tab S7 FE,https://www.gsmarena.com/samsung_galaxy_tab_s7_fe-10922.php,Samsung,GSMArena,https://fdn2.gsmarena.com/vv/bigpic/samsung-galaxy-tab-s7-fe.jpg,"Samsung Galaxy Tab S7 FE Android tablet. Announced May 2021. Features 12.4″  display, Snapdragon 750G 5G chipset, 10090 mAh battery, 256 GB storage, 8 GB RAM.",2026-02-18T17:46:30.867855+00:00
Galaxy F52 5G,https://www.gsmarena.com/samsung_galaxy_f52_5g-10900.php,Samsung,GSMArena,https://fdn2.gsmarena.com/vv/bigpic/samsung-galaxy-f52-5g.jpg,"Samsung Galaxy F52 5G Android smartphone. Announced May 2021. Features 6.6″  display, Snapdragon 750G 5G chipset, 4500 mAh battery, 128 GB storage, 8 GB RAM.",2026-02-18T17:46:30.867886+00:00
Galaxy M42 5G,https://www.gsmarena.com/samsung_galaxy_m42_5g-10848.php,Samsung,GSMArena,https://fdn2.gsmarena.com/vv/bigpic/samsung-galaxy-m42.jpg,"Samsung Galaxy M42 5G Android smartphone. Announced Apr 2021. Features 6.6″  display, Snapdragon 750G 5G chipset, 5000 mAh battery, 128 GB storage, 8 GB RAM.",2026-02-18T17:46:30.867917+00:00
Galaxy M12,https://www.gsmarena.com/samsung_galaxy_m12-10860.php,Samsung,GSMArena,https://fdn2.gsmarena.com/vv/bigpic/samsung-galaxy-m12.jpg,"Samsung Galaxy M12 Android smartphone. Announced Apr 2021. Features 6.5″  display, Exynos 850 chipset, 5000 mAh battery, 128 GB storage, 4 GB RAM.",2026-02-18T17:46:30.867949+00:00
Galaxy Quantum 2,https://www.gsmarena.com/samsung_galaxy_quantum_2-10850.php,Samsung,GSMArena,https://fdn2.gsmarena.com/vv/bigpic/samsung-galaxy-quantum-2-sm-a826s.jpg,"Samsung Galaxy Quantum 2 Android smartphone. Announced Apr 2021. Features 6.7″  display, Snapdragon 855+, QRNG security chipset chipset, 4500 mAh battery, 128 GB storage, 6 GB RAM.",2026-02-18T17:46:30.867981+00:00
Galaxy F12,https://www.gsmarena.com/samsung_galaxy_f12-10825.php,Samsung,GSMArena,https://fdn2.gsmarena.com/vv/bigpic/samsung-galaxy-f12.jpg,"Samsung Galaxy F12 Android smartphone. Announced Apr 2021. Features 6.5″  display, Exynos 850 chipset, 6000 mAh battery, 128 GB storage, 4 GB RAM, Corning Gorilla Glass.",2026-02-18T17:46:30.868012+00:00
Galaxy F02s,https://www.gsmarena.com/samsung_galaxy_f02s-10824.php,Samsung,GSMArena,https://fdn2.gsmarena.com/vv/bigpic/samsung-galaxy-f02s.jpg,"Samsung Galaxy F02s Android smartphone. Announced Apr 2021. Features 6.5″  display, Snapdragon 450 chipset, 5000 mAh battery, 64 GB storage, 4 GB RAM.",2026-02-18T17:46:30.868043+00:00
Galaxy A72,https://www.gsmarena.com/samsung_galaxy_a72-10469.php,Samsung,GSMArena,https://fdn2.gsmarena.com/vv/bigpic/samsung-galaxy-a72-4g.jpg,"Samsung Galaxy A72 Android smartphone. Announced Mar 2021. Features 6.7″  display, Snapdragon 720G chipset, 5000 mAh battery, 256 GB storage, 8 GB RAM, Corning Gorilla Glass 5.",2026-02-18T17:46:30.868074+00:00
Galaxy A52 5G,https://www.gsmarena.com/samsung_galaxy_a52_5g-10631.php,Samsung,GSMArena,https://fdn2.gsmarena.com/vv/bigpic/samsung-galaxy-a52-5g.jpg,"Samsung Galaxy A52 5G Android smartphone. Announced Mar 2021. Features 6.5″  display, Snapdragon 750G 5G chipset, 4500 mAh battery, 256 GB storage, 8 GB RAM, Corning Gorilla Glass 5.",2026-02-18T17:46:30.868105+00:00
Galaxy A52,https://www.gsmarena.com/samsung_galaxy_a52-10641.php,Samsung,GSMArena,https://fdn2.gsmarena.com/vv/bigpic/samsung-galaxy-a52-4g.jpg,"Samsung Galaxy A52 Android smartphone. Announced Mar 2021. Features 6.5″  display, Snapdragon 720G chipset, 4500 mAh battery, 256 GB storage, 8 GB RAM, Corning Gorilla Glass 5.",2026-02-18T17:46:30.868138+00:00
Galaxy XCover 5,https://www.gsmarena.com/samsung_galaxy_xcover_5-10718.php,Samsung,GSMArena,https://fdn2.gsmarena.com/vv/bigpic/samsung-galaxy-xcover-5.jpg,"Samsung Galaxy XCover 5 Android smartphone. Announced Mar 2021. Features 5.3″  display, Exynos 850 chipset, 3000 mAh battery, 64 GB storage, 4 GB RAM, MIL-STD-810H compliant.",2026-02-18T17:46:30.868169+00:00
Galaxy A32,https://www.gsmarena.com/samsung_galaxy_a32-10753.php,Samsung,GSMArena,https://fdn2.gsmarena.com/vv/bigpic/samsung-galaxy-a32-4g-new.jpg,"Samsung Galaxy A32 Android smartphone. Announced Feb 2021. Features 6.4″  display, MT6769V chipset, 5000 mAh battery, 128 GB storage, 8 GB RAM, Corning Gorilla Glass 5.",2026-02-18T17:46:30.868201+00:00
Galaxy M62,https://www.gsmarena.com/samsung_galaxy_m62-10749.php,Samsung,GSMArena,https://fdn2.gsmarena.com/vv/bigpic/samsung-galaxy-m62.jpg,"Samsung Galaxy M62 Android smartphone. Announced Feb 2021. Features 6.7″  display, Exynos 9825 chipset, 7000 mAh battery, 256 GB storage, 8 GB RAM.",2026-02-18T17:46:30.868232+00:00
Galaxy F62,https://www.gsmarena.com/samsung_galaxy_f62-10740.php,Samsung,GSMArena,https://fdn2.gsmarena.com/vv/bigpic/samsung-galaxy-f62.jpg,"Samsung Galaxy F62 Android smartphone. Announced Feb 2021. Features 6.7″  display, Exynos 9825 chipset, 7000 mAh battery, 128 GB storage, 8 GB RAM.",2026-02-18T17:46:30.868265+00:00
Galaxy M12 (India),https://www.gsmarena.com/samsung_galaxy_m12_(india)-10578.php,Samsung,GSMArena,https://fdn2.gsmarena.com/vv/bigpic/samsung-galaxy-a12-sm-a125.jpg,"Samsung Galaxy M12 (India) Android smartphone. Announced Feb 2021. Features 6.5″  display, Exynos 850 chipset, 6000 mAh battery, 128 GB storage, 6 GB RAM.",2026-02-18T17:46:30.868297+00:00
Galaxy S21 Ultra 5G,https://www.gsmarena.com/samsung_galaxy_s21_ultra_5g-10596.php,Samsung,GSMArena,https://fdn2.gsmarena.com/vv/bigpic/samsung-galaxy-s21-ultra-5g-.jpg,"Samsung Galaxy S21 Ultra 5G Android smartphone. Announced Jan 2021. Features 6.8″  display, Exynos 2100 chipset, 5000 mAh battery, 512 GB storage, 16 GB RAM, Corning Gorilla Glass Victus.",2026-02-18T17:46:30.868328+00:00
Galaxy S21+ 5G,https://www.gsmarena.com/samsung_galaxy_s21+_5g-10625.php,Samsung,GSMArena,https://fdn2.gsmarena.com/vv/bigpic/samsung-galaxy-s21-plus-5g-.jpg,"Samsung Galaxy S21+ 5G Android smartphone. Announced Jan 2021. Features 6.7″  display, Exynos 2100 chipset, 4800 mAh battery, 256 GB storage, 8 GB RAM, Corning Gorilla Glass Victus.",2026-02-18T17:46:30.868359+00:00
Galaxy S21 5G,https://www.gsmarena.com/samsung_galaxy_s21_5g-10626.php,Samsung,GSMArena,https://fdn2.gsmarena.com/vv/bigpic/samsung-galaxy-s21-5g-r.jpg,"Samsung Galaxy S21 5G Android smartphone. Announced Jan 2021. Features 6.2″  display, Exynos 2100 chipset, 4000 mAh battery, 256 GB storage, 8 GB RAM, Corning Gorilla Glass Victus.",2026-02-18T17:46:30.868390+00:00
Galaxy A32 5G,https://www.gsmarena.com/samsung_galaxy_a32_5g-10648.php,Samsung,GSMArena,https://fdn2.gsmarena.com/vv/bigpic/samsung-galaxy-a32-5g.jpg,"Samsung Galaxy A32 5G Android smartphone. Announced Jan 2021. Features 6.5″  display, Dimensity 720 chipset, 5000 mAh battery, 128 GB storage, 8 GB RAM, Corning Gorilla Glass 5.",2026-02-18T17:46:30.868421+00:00
Galaxy M02s,https://www.gsmarena.com/samsung_galaxy_m02s-10663.php,Samsung,GSMArena,https://fdn2.gsmarena.com/vv/bigpic/samsung-galaxy-m02s.jpg,"Samsung Galaxy M02s Android smartphone. Announced Jan 2021. Features 6.5″  display, Snapdragon 450 chipset, 5000 mAh battery, 64 GB storage, 4 GB RAM.",2026-02-18T17:46:30.868452+00:00
Galaxy A12,https://www.gsmarena.com/samsung_galaxy_a12-10604.php,Samsung,GSMArena,https://fdn2.gsmarena.com/vv/bigpic/samsung-galaxy-a12-sm-a125.jpg,"Samsung Galaxy A12 Android smartphone. Announced Nov 2020. Features 6.5″  display, MT6765 Helio P35 chipset, 5000 mAh battery, 128 GB storage, 6 GB RAM.",2026-02-18T17:46:30.868483+00:00
Galaxy M02,https://www.gsmarena.com/samsung_galaxy_m02-10709.php,Samsung,GSMArena,https://fdn2.gsmarena.com/vv/bigpic/samsung-galaxy-m02.jpg,"Samsung Galaxy M02 Android smartphone. Announced Feb 2021. Features 6.5″  display, MT6739W chipset, 5000 mAh battery, 32 GB storage, 3 GB RAM.",2026-02-18T17:46:30.868514+00:00
Galaxy A02,https://www.gsmarena.com/samsung_galaxy_a02-10708.php,Samsung,GSMArena,https://fdn2.gsmarena.com/vv/bigpic/samsung-galaxy-a02.jpg,"Samsung Galaxy A02 Android smartphone. Announced Jan 2021. Features 6.5″  display, MT6739W chipset, 5000 mAh battery, 64 GB storage, 4 GB RAM.",2026-02-18T17:46:30.868545+00:00
Galaxy A02s,https://www.gsmarena.com/samsung_galaxy_a02s-10603.php,Samsung,GSMArena,https://fdn2.gsmarena.com/vv/bigpic/samsung-galaxy-a02s-sm-a025-new.jpg,"Samsung Galaxy A02s Android smartphone. Announced Nov 2020. Features 6.5″  display, Snapdragon 450 chipset, 5000 mAh battery, 64 GB storage, 4 GB RAM.",2026-02-18T17:46:30.868575+00:00
Galaxy M21s,https://www.gsmarena.com/samsung_galaxy_m21s-10580.php,Samsung,GSMArena,https://fdn2.gsmarena.com/vv/bigpic/samsung-galaxy-m21s.jpg,"Samsung Galaxy M21s Android smartphone. Announced Nov 2020. Features 6.4″  display, Exynos 9611 chipset, 6000 mAh battery, 64 GB storage, 4 GB RAM, Corning Gorilla Glass 3.",2026-02-18T17:46:30.868606+00:00
Galaxy M31 Prime,https://www.gsmarena.com/samsung_galaxy_m31_prime-10496.php,Samsung,GSMArena,https://fdn2.gsmarena.com/vv/bigpic/samsung-galaxy-m31-sm-m315f.jpg,"Samsung Galaxy M31 Prime Android smartphone. Announced Oct 2020. Features 6.4″  display, Exynos 9611 chipset, 6000 mAh battery, 128 GB storage, 6 GB RAM, Corning Gorilla Glass 3.",2026-02-18T17:46:30.868637+00:00
Galaxy F41,https://www.gsmarena.com/samsung_galaxy_f41-10498.php,Samsung,GSMArena,https://fdn2.gsmarena.com/vv/bigpic/samsung-galaxy-f41-sm-f415fds.jpg,"Samsung Galaxy F41 Android smartphone. Announced Oct 2020. Features 6.4″  display, Exynos 9611 chipset, 6000 mAh battery, 128 GB storage, 6 GB RAM.",2026-02-18T17:46:30.868668+00:00
Galaxy Tab Active3,https://www.gsmarena.com/samsung_galaxy_tab_active3-10476.php,Samsung,GSMArena,https://fdn2.gsmarena.com/vv/bigpic/samsung-galaxy-tab-active3.jpg,"Samsung Galaxy Tab Active3 Android tablet. Announced Sep 2020. Features 8.0″  display, Exynos 9810 chipset, 5050 mAh battery, 128 GB storage, 4 GB RAM, MIL-STD-810H compliant.",2026-02-18T17:46:30.868699+00:00
Galaxy S20 FE 5G,https://www.gsmarena.com/samsung_galaxy_s20_fe_5g-10377.php,Samsung,GSMArena,https://fdn2.gsmarena.com/vv/bigpic/samsung-galaxy-s20-fe-5g.jpg,"Samsung Galaxy S20 FE 5G Android smartphone. Announced Sep 2020. Features 6.5″  display, Snapdragon 865 5G chipset, 4500 mAh battery, 256 GB storage, 8 GB RAM, Corning Gorilla Glass 3.",2026-02-18T17:46:30.868730+00:00
Galaxy S20 FE,https://www.gsmarena.com/samsung_galaxy_s20_fe-10428.php,Samsung,GSMArena,https://fdn2.gsmarena.com/vv/bigpic/samsung-galaxy-s20-fe-4g.jpg,"Samsung Galaxy S20 FE Android smartphone. Announced Sep 2020. Features 6.5″  display, Exynos 990 chipset, 4500 mAh battery, 256 GB storage, 8 GB RAM, Corning Gorilla Glass 3.",2026-02-18T17:46:30.868761+00:00
Galaxy A42 5G,https://www.gsmarena.com/samsung_galaxy_a42_5g-10412.php,Samsung,GSMArena,https://fdn2.gsmarena.com/vv/bigpic/samsung-galaxy-a42-5g.jpg,"Samsung Galaxy A42 5G Android smartphone. Announced Sep 2020. Features 6.6″  display, Snapdragon 750 5G chipset, 5000 mAh battery, 128 GB storage, 8 GB RAM.",2026-02-18T17:46:30.868792+00:00
Galaxy Tab A7 10.4 (2020),https://www.gsmarena.com/samsung_galaxy_tab_a7_10_4_(2020)-10411.php,Samsung,GSMArena,https://fdn2.gsmarena.com/vv/bigpic/samsung-galaxy-tab-a7-104-2020.jpg,"Samsung Galaxy Tab A7 10.4 (2020) Android tablet. Announced Sep 2020. Features 10.4″  display, Snapdragon 662 chipset, 7040 mAh battery, 64 GB storage, 4 GB RAM.",2026-02-18T17:46:30.868823+00:00
Galaxy M51,https://www.gsmarena.com/samsung_galaxy_m51-10148.php,Samsung,GSMArena,https://fdn2.gsmarena.com/vv/bigpic/samsung-galaxy-m51.jpg,"Samsung Galaxy M51 Android smartphone. Announced Aug 2020. Features 6.7″  display, Snapdragon 730G chipset, 7000 mAh battery, 128 GB storage, 8 GB RAM, Corning Gorilla Glass 3+.",2026-02-18T17:46:30.868854+00:00
Galaxy A51 5G UW,https://www.gsmarena.com/samsung_galaxy_a51_5g_uw-10371.php,Samsung,GSMArena,https://fdn2.gsmarena.com/vv/bigpic/samsung-galaxy-a51-5g-uw.jpg,"Samsung Galaxy A51 5G UW Android smartphone. Announced Aug 2020. Features 6.5″  display, Snapdragon 765G 5G chipset, 4500 mAh battery, 128 GB storage, 6 GB RAM, Corning Gorilla Glass 3.",2026-02-18T17:46:30.868886+00:00
Galaxy Z Fold2 5G,https://www.gsmarena.com/samsung_galaxy_z_fold2_5g-10342.php,Samsung,GSMArena,https://fdn2.gsmarena.com/vv/bigpic/samsung-galaxy-z-fold2-5g.jpg,"Samsung Galaxy Z Fold2 5G Android smartphone. Announced Aug 2020. Features 7.6″  display, Snapdragon 865 5G+ chipset, 4500 mAh battery, 512 GB storage, 12 GB RAM.",2026-02-18T17:46:30.868918+00:00
Galaxy Note20 Ultra 5G,https://www.gsmarena.com/samsung_galaxy_note20_ultra_5g-10261.php,Samsung,GSMArena,https://fdn2.gsmarena.com/vv/bigpic/samsung-galaxy-note20-ultra-.jpg,"Samsung Galaxy Note20 Ultra 5G Android smartphone. Announced Aug 2020. Features 6.9″  display, Exynos 990 chipset, 4500 mAh battery, 512 GB storage, 12 GB RAM, Corning Gorilla Glass Victus.",2026-02-18T17:46:30.868950+00:00
Galaxy Note20 Ultra,https://www.gsmarena.com/samsung_galaxy_note20_ultra-10355.php,Samsung,GSMArena,https://fdn2.gsmarena.com/vv/bigpic/samsung-galaxy-note20-ultra-.jpg,"Samsung Galaxy Note20 Ultra Android smartphone. Announced Aug 2020. Features 6.9″  display, Exynos 990 chipset, 4500 mAh battery, 512 GB storage, 12 GB RAM, Corning Gorilla Glass Victus.",2026-02-18T17:46:30.868981+00:00
Galaxy Note20 5G,https://www.gsmarena.com/samsung_galaxy_note20_5g-10325.php,Samsung,GSMArena,https://fdn2.gsmarena.com/vv/bigpic/samsung-galaxy-note20-5g-r.jpg,"Samsung Galaxy Note20 5G Android smartphone. Announced Aug 2020. Features 6.7″  display, Exynos 990 chipset, 4300 mAh battery, 256 GB storage, 8 GB RAM, Corning Gorilla Glass 5.",2026-02-18T17:46:30.869012+00:00
Galaxy Note20,https://www.gsmarena.com/samsung_galaxy_note20-10338.php,Samsung,GSMArena,https://fdn2.gsmarena.com/vv/bigpic/samsung-galaxy-note20-5g-r.jpg,"Samsung Galaxy Note20 Android smartphone. Announced Aug 2020. Features 6.7″  display, Exynos 990 chipset, 4300 mAh battery, 256 GB storage, 8 GB RAM, Corning Gorilla Glass 5.",2026-02-18T17:46:30.869043+00:00
